route_no,route_name,distance_km,scheduled_time_min,actual_time_min,delay_min,hour,date,day_of_week,peak_hour,traffic_multiplier,inefficiency_score,delay_category
33A,Gandhipuram - Mettupalayam,34.0,75,105,30,7,2026-01-19,Monday,True,1.49,0.3999999999999999,High
33A,Gandhipuram - Mettupalayam,34.0,75,104,29,9,2026-01-19,Monday,True,1.38,0.3866666666666667,High
33A,Gandhipuram - Mettupalayam,34.0,75,77,2,12,2026-01-19,Monday,False,1.01,0.026666666666666616,Low
33A,Gandhipuram - Mettupalayam,34.0,75,129,54,17,2026-01-19,Monday,True,1.65,0.72,High
33A,Gandhipuram - Mettupalayam,34.0,75,95,20,19,2026-01-19,Monday,True,1.31,0.2666666666666666,High
32,Gandhipuram - Thudiyalur,10.0,30,39,9,7,2026-01-19,Monday,True,1.39,0.30000000000000004,Moderate
32,Gandhipuram - Thudiyalur,10.0,30,30,0,9,2026-01-19,Monday,True,1.45,0.0,Low
32,Gandhipuram - Thudiyalur,10.0,30,36,6,12,2026-01-19,Monday,False,1.06,0.19999999999999996,Moderate
32,Gandhipuram - Thudiyalur,10.0,30,46,16,17,2026-01-19,Monday,True,1.61,0.5333333333333334,High
32,Gandhipuram - Thudiyalur,10.0,30,40,10,19,2026-01-19,Monday,True,1.48,0.33333333333333326,Moderate
111,Thudiyalur - Gandhipuram,10.0,30,42,12,7,2026-01-19,Monday,True,1.53,0.3999999999999999,Moderate
111,Thudiyalur - Gandhipuram,10.0,30,49,19,9,2026-01-19,Monday,True,1.56,0.6333333333333333,High
111,Thudiyalur - Gandhipuram,10.0,30,34,4,12,2026-01-19,Monday,False,1.12,0.1333333333333333,Low
111,Thudiyalur - Gandhipuram,10.0,30,38,8,17,2026-01-19,Monday,True,1.39,0.2666666666666666,Moderate
111,Thudiyalur - Gandhipuram,10.0,30,36,6,19,2026-01-19,Monday,True,1.33,0.19999999999999996,Moderate
70,Gandhipuram - Maruthamalai,15.0,45,65,20,7,2026-01-19,Monday,True,1.35,0.4444444444444444,High
70,Gandhipuram - Maruthamalai,15.0,45,68,23,9,2026-01-19,Monday,True,1.64,0.5111111111111111,High
70,Gandhipuram - Maruthamalai,15.0,45,48,3,12,2026-01-19,Monday,False,1.1,0.06666666666666665,Low
70,Gandhipuram - Maruthamalai,15.0,45,58,13,17,2026-01-19,Monday,True,1.32,0.288888888888889,Moderate
70,Gandhipuram - Maruthamalai,15.0,45,75,30,19,2026-01-19,Monday,True,1.63,0.6666666666666667,High
4A,Thudiyalur - Podanur,18.0,55,93,38,7,2026-01-19,Monday,True,1.46,0.6909090909090909,High
4A,Thudiyalur - Podanur,18.0,55,82,27,9,2026-01-19,Monday,True,1.39,0.49090909090909096,High
4A,Thudiyalur - Podanur,18.0,55,66,11,12,2026-01-19,Monday,False,1.19,0.19999999999999996,Moderate
4A,Thudiyalur - Podanur,18.0,55,101,46,17,2026-01-19,Monday,True,1.76,0.8363636363636364,High
4A,Thudiyalur - Podanur,18.0,55,68,13,19,2026-01-19,Monday,True,1.34,0.23636363636363633,Moderate
2A,Perur - Polytechnic,16.0,50,63,13,7,2026-01-19,Monday,True,1.44,0.26,Moderate
2A,Perur - Polytechnic,16.0,50,78,28,9,2026-01-19,Monday,True,1.71,0.56,High
2A,Perur - Polytechnic,16.0,50,51,1,12,2026-01-19,Monday,False,1.11,0.020000000000000018,Low
2A,Perur - Polytechnic,16.0,50,71,21,17,2026-01-19,Monday,True,1.37,0.41999999999999993,High
2A,Perur - Polytechnic,16.0,50,87,37,19,2026-01-19,Monday,True,1.66,0.74,High
33A,Gandhipuram - Mettupalayam,34.0,75,125,50,7,2026-01-20,Tuesday,True,1.69,0.6666666666666667,High
33A,Gandhipuram - Mettupalayam,34.0,75,98,23,9,2026-01-20,Tuesday,True,1.36,0.30666666666666664,High
33A,Gandhipuram - Mettupalayam,34.0,75,80,5,12,2026-01-20,Tuesday,False,1.17,0.06666666666666665,Low
33A,Gandhipuram - Mettupalayam,34.0,75,105,30,17,2026-01-20,Tuesday,True,1.33,0.3999999999999999,High
33A,Gandhipuram - Mettupalayam,34.0,75,115,40,19,2026-01-20,Tuesday,True,1.46,0.5333333333333334,High
32,Gandhipuram - Thudiyalur,10.0,30,44,14,7,2026-01-20,Tuesday,True,1.62,0.46666666666666656,Moderate
32,Gandhipuram - Thudiyalur,10.0,30,47,17,9,2026-01-20,Tuesday,True,1.74,0.5666666666666667,High
32,Gandhipuram - Thudiyalur,10.0,30,33,3,12,2026-01-20,Tuesday,False,1.14,0.10000000000000009,Low
32,Gandhipuram - Thudiyalur,10.0,30,57,27,17,2026-01-20,Tuesday,True,1.68,0.8999999999999999,High
32,Gandhipuram - Thudiyalur,10.0,30,48,18,19,2026-01-20,Tuesday,True,1.55,0.6000000000000001,High
111,Thudiyalur - Gandhipuram,10.0,30,44,14,7,2026-01-20,Tuesday,True,1.56,0.46666666666666656,Moderate
111,Thudiyalur - Gandhipuram,10.0,30,40,10,9,2026-01-20,Tuesday,True,1.35,0.33333333333333326,Moderate
111,Thudiyalur - Gandhipuram,10.0,30,25,0,12,2026-01-20,Tuesday,False,1.01,-0.16666666666666663,Low
111,Thudiyalur - Gandhipuram,10.0,30,51,21,17,2026-01-20,Tuesday,True,1.55,0.7,High
111,Thudiyalur - Gandhipuram,10.0,30,49,19,19,2026-01-20,Tuesday,True,1.75,0.6333333333333333,High
70,Gandhipuram - Maruthamalai,15.0,45,68,23,7,2026-01-20,Tuesday,True,1.68,0.5111111111111111,High
70,Gandhipuram - Maruthamalai,15.0,45,62,17,9,2026-01-20,Tuesday,True,1.41,0.37777777777777777,High
70,Gandhipuram - Maruthamalai,15.0,45,44,0,12,2026-01-20,Tuesday,False,1.03,-0.022222222222222254,Low
70,Gandhipuram - Maruthamalai,15.0,45,81,36,17,2026-01-20,Tuesday,True,1.76,0.8,High
70,Gandhipuram - Maruthamalai,15.0,45,83,38,19,2026-01-20,Tuesday,True,1.74,0.8444444444444446,High
4A,Thudiyalur - Podanur,18.0,55,100,45,7,2026-01-20,Tuesday,True,1.7,0.8181818181818181,High
4A,Thudiyalur - Podanur,18.0,55,97,42,9,2026-01-20,Tuesday,True,1.75,0.7636363636363637,High
4A,Thudiyalur - Podanur,18.0,55,57,2,12,2026-01-20,Tuesday,False,1.06,0.036363636363636376,Low
4A,Thudiyalur - Podanur,18.0,55,81,26,17,2026-01-20,Tuesday,True,1.51,0.47272727272727266,High
4A,Thudiyalur - Podanur,18.0,55,80,25,19,2026-01-20,Tuesday,True,1.71,0.4545454545454546,High
2A,Perur - Polytechnic,16.0,50,72,22,7,2026-01-20,Tuesday,True,1.41,0.43999999999999995,High
2A,Perur - Polytechnic,16.0,50,70,20,9,2026-01-20,Tuesday,True,1.36,0.3999999999999999,High
2A,Perur - Polytechnic,16.0,50,52,2,12,2026-01-20,Tuesday,False,1.06,0.040000000000000036,Low
2A,Perur - Polytechnic,16.0,50,73,23,17,2026-01-20,Tuesday,True,1.56,0.45999999999999996,High
2A,Perur - Polytechnic,16.0,50,96,46,19,2026-01-20,Tuesday,True,1.79,0.9199999999999999,High
33A,Gandhipuram - Mettupalayam,34.0,75,133,58,7,2026-01-21,Wednesday,True,1.78,0.7733333333333334,High
33A,Gandhipuram - Mettupalayam,34.0,75,100,25,9,2026-01-21,Wednesday,True,1.45,0.33333333333333326,High
33A,Gandhipuram - Mettupalayam,34.0,75,79,4,12,2026-01-21,Wednesday,False,1.06,0.05333333333333323,Low
33A,Gandhipuram - Mettupalayam,34.0,75,114,39,17,2026-01-21,Wednesday,True,1.55,0.52,High
33A,Gandhipuram - Mettupalayam,34.0,75,101,26,19,2026-01-21,Wednesday,True,1.33,0.3466666666666667,High
32,Gandhipuram - Thudiyalur,10.0,30,41,11,7,2026-01-21,Wednesday,True,1.42,0.3666666666666667,Moderate
32,Gandhipuram - Thudiyalur,10.0,30,42,12,9,2026-01-21,Wednesday,True,1.37,0.3999999999999999,Moderate
32,Gandhipuram - Thudiyalur,10.0,30,31,1,12,2026-01-21,Wednesday,False,1.05,0.03333333333333344,Low
32,Gandhipuram - Thudiyalur,10.0,30,45,15,17,2026-01-21,Wednesday,True,1.64,0.5,Moderate
32,Gandhipuram - Thudiyalur,10.0,30,53,23,19,2026-01-21,Wednesday,True,1.66,0.7666666666666666,High
111,Thudiyalur - Gandhipuram,10.0,30,51,21,7,2026-01-21,Wednesday,True,1.48,0.7,High
111,Thudiyalur - Gandhipuram,10.0,30,53,23,9,2026-01-21,Wednesday,True,1.57,0.7666666666666666,High
111,Thudiyalur - Gandhipuram,10.0,30,28,0,12,2026-01-21,Wednesday,False,1.02,-0.06666666666666665,Low
111,Thudiyalur - Gandhipuram,10.0,30,46,16,17,2026-01-21,Wednesday,True,1.39,0.5333333333333334,High
111,Thudiyalur - Gandhipuram,10.0,30,48,18,19,2026-01-21,Wednesday,True,1.32,0.6000000000000001,High
70,Gandhipuram - Maruthamalai,15.0,45,63,18,7,2026-01-21,Wednesday,True,1.31,0.3999999999999999,High
70,Gandhipuram - Maruthamalai,15.0,45,73,28,9,2026-01-21,Wednesday,True,1.56,0.6222222222222222,High
70,Gandhipuram - Maruthamalai,15.0,45,40,0,12,2026-01-21,Wednesday,False,1.03,-0.11111111111111116,Low
70,Gandhipuram - Maruthamalai,15.0,45,77,32,17,2026-01-21,Wednesday,True,1.65,0.711111111111111,High
70,Gandhipuram - Maruthamalai,15.0,45,60,15,19,2026-01-21,Wednesday,True,1.37,0.33333333333333326,Moderate
4A,Thudiyalur - Podanur,18.0,55,79,24,7,2026-01-21,Wednesday,True,1.47,0.4363636363636363,High
4A,Thudiyalur - Podanur,18.0,55,92,37,9,2026-01-21,Wednesday,True,1.63,0.6727272727272726,High
4A,Thudiyalur - Podanur,18.0,55,70,15,12,2026-01-21,Wednesday,False,1.16,0.2727272727272727,Moderate
4A,Thudiyalur - Podanur,18.0,55,90,35,17,2026-01-21,Wednesday,True,1.42,0.6363636363636365,High
4A,Thudiyalur - Podanur,18.0,55,66,11,19,2026-01-21,Wednesday,True,1.35,0.19999999999999996,Moderate
2A,Perur - Polytechnic,16.0,50,79,29,7,2026-01-21,Wednesday,True,1.47,0.5800000000000001,High
2A,Perur - Polytechnic,16.0,50,86,36,9,2026-01-21,Wednesday,True,1.66,0.72,High
2A,Perur - Polytechnic,16.0,50,56,6,12,2026-01-21,Wednesday,False,1.02,0.1200000000000001,Moderate
2A,Perur - Polytechnic,16.0,50,70,20,17,2026-01-21,Wednesday,True,1.38,0.3999999999999999,High
2A,Perur - Polytechnic,16.0,50,69,19,19,2026-01-21,Wednesday,True,1.3,0.3799999999999999,High
33A,Gandhipuram - Mettupalayam,34.0,75,102,27,7,2026-01-22,Thursday,True,1.35,0.3600000000000001,High
33A,Gandhipuram - Mettupalayam,34.0,75,117,42,9,2026-01-22,Thursday,True,1.65,0.56,High
33A,Gandhipuram - Mettupalayam,34.0,75,88,13,12,2026-01-22,Thursday,False,1.13,0.17333333333333334,Moderate
33A,Gandhipuram - Mettupalayam,34.0,75,101,26,17,2026-01-22,Thursday,True,1.42,0.3466666666666667,High
33A,Gandhipuram - Mettupalayam,34.0,75,113,38,19,2026-01-22,Thursday,True,1.46,0.5066666666666666,High
32,Gandhipuram - Thudiyalur,10.0,30,58,28,7,2026-01-22,Thursday,True,1.72,0.9333333333333333,High
32,Gandhipuram - Thudiyalur,10.0,30,44,14,9,2026-01-22,Thursday,True,1.63,0.46666666666666656,Moderate
32,Gandhipuram - Thudiyalur,10.0,30,32,2,12,2026-01-22,Thursday,False,1.07,0.06666666666666665,Low
32,Gandhipuram - Thudiyalur,10.0,30,47,17,17,2026-01-22,Thursday,True,1.43,0.5666666666666667,High
32,Gandhipuram - Thudiyalur,10.0,30,47,17,19,2026-01-22,Thursday,True,1.62,0.5666666666666667,High
111,Thudiyalur - Gandhipuram,10.0,30,64,34,7,2026-01-22,Thursday,True,1.7,1.1333333333333333,High
111,Thudiyalur - Gandhipuram,10.0,30,46,16,9,2026-01-22,Thursday,True,1.55,0.5333333333333334,High
111,Thudiyalur - Gandhipuram,10.0,30,26,0,12,2026-01-22,Thursday,False,1.04,-0.1333333333333333,Low
111,Thudiyalur - Gandhipuram,10.0,30,44,14,17,2026-01-22,Thursday,True,1.31,0.46666666666666656,Moderate
111,Thudiyalur - Gandhipuram,10.0,30,48,18,19,2026-01-22,Thursday,True,1.62,0.6000000000000001,High
70,Gandhipuram - Maruthamalai,15.0,45,83,38,7,2026-01-22,Thursday,True,1.78,0.8444444444444446,High
70,Gandhipuram - Maruthamalai,15.0,45,77,32,9,2026-01-22,Thursday,True,1.78,0.711111111111111,High
70,Gandhipuram - Maruthamalai,15.0,45,52,7,12,2026-01-22,Thursday,False,1.08,0.15555555555555545,Moderate
70,Gandhipuram - Maruthamalai,15.0,45,73,28,17,2026-01-22,Thursday,True,1.73,0.6222222222222222,High
70,Gandhipuram - Maruthamalai,15.0,45,68,23,19,2026-01-22,Thursday,True,1.58,0.5111111111111111,High
4A,Thudiyalur - Podanur,18.0,55,100,45,7,2026-01-22,Thursday,True,1.77,0.8181818181818181,High
4A,Thudiyalur - Podanur,18.0,55,82,27,9,2026-01-22,Thursday,True,1.35,0.49090909090909096,High
4A,Thudiyalur - Podanur,18.0,55,67,12,12,2026-01-22,Thursday,False,1.12,0.21818181818181825,Moderate
4A,Thudiyalur - Podanur,18.0,55,92,37,17,2026-01-22,Thursday,True,1.67,0.6727272727272726,High
4A,Thudiyalur - Podanur,18.0,55,85,30,19,2026-01-22,Thursday,True,1.65,0.5454545454545454,High
2A,Perur - Polytechnic,16.0,50,79,29,7,2026-01-22,Thursday,True,1.45,0.5800000000000001,High
2A,Perur - Polytechnic,16.0,50,86,36,9,2026-01-22,Thursday,True,1.7,0.72,High
2A,Perur - Polytechnic,16.0,50,60,10,12,2026-01-22,Thursday,False,1.18,0.19999999999999996,Moderate
2A,Perur - Polytechnic,16.0,50,84,34,17,2026-01-22,Thursday,True,1.56,0.6799999999999999,High
2A,Perur - Polytechnic,16.0,50,81,31,19,2026-01-22,Thursday,True,1.62,0.6200000000000001,High
33A,Gandhipuram - Mettupalayam,34.0,75,124,49,7,2026-01-23,Friday,True,1.65,0.6533333333333333,High
33A,Gandhipuram - Mettupalayam,34.0,75,111,36,9,2026-01-23,Friday,True,1.47,0.48,High
33A,Gandhipuram - Mettupalayam,34.0,75,81,6,12,2026-01-23,Friday,False,1.08,0.08000000000000007,Moderate
33A,Gandhipuram - Mettupalayam,34.0,75,94,19,17,2026-01-23,Friday,True,1.32,0.2533333333333334,High
33A,Gandhipuram - Mettupalayam,34.0,75,106,31,19,2026-01-23,Friday,True,1.53,0.41333333333333333,High
32,Gandhipuram - Thudiyalur,10.0,30,49,19,7,2026-01-23,Friday,True,1.6,0.6333333333333333,High
32,Gandhipuram - Thudiyalur,10.0,30,34,4,9,2026-01-23,Friday,True,1.32,0.1333333333333333,Low
32,Gandhipuram - Thudiyalur,10.0,30,31,1,12,2026-01-23,Friday,False,1.1,0.03333333333333344,Low
32,Gandhipuram - Thudiyalur,10.0,30,53,23,17,2026-01-23,Friday,True,1.68,0.7666666666666666,High
32,Gandhipuram - Thudiyalur,10.0,30,33,3,19,2026-01-23,Friday,True,1.34,0.10000000000000009,Low
111,Thudiyalur - Gandhipuram,10.0,30,51,21,7,2026-01-23,Friday,True,1.33,0.7,High
111,Thudiyalur - Gandhipuram,10.0,30,57,27,9,2026-01-23,Friday,True,1.62,0.8999999999999999,High
111,Thudiyalur - Gandhipuram,10.0,30,34,4,12,2026-01-23,Friday,False,1.15,0.1333333333333333,Low
111,Thudiyalur - Gandhipuram,10.0,30,46,16,17,2026-01-23,Friday,True,1.46,0.5333333333333334,High
111,Thudiyalur - Gandhipuram,10.0,30,48,18,19,2026-01-23,Friday,True,1.7,0.6000000000000001,High
70,Gandhipuram - Maruthamalai,15.0,45,51,6,7,2026-01-23,Friday,True,1.34,0.1333333333333333,Moderate
70,Gandhipuram - Maruthamalai,15.0,45,55,10,9,2026-01-23,Friday,True,1.31,0.22222222222222232,Moderate
70,Gandhipuram - Maruthamalai,15.0,45,54,9,12,2026-01-23,Friday,False,1.03,0.19999999999999996,Moderate
70,Gandhipuram - Maruthamalai,15.0,45,63,18,17,2026-01-23,Friday,True,1.38,0.3999999999999999,High
70,Gandhipuram - Maruthamalai,15.0,45,66,21,19,2026-01-23,Friday,True,1.66,0.46666666666666656,High
4A,Thudiyalur - Podanur,18.0,55,91,36,7,2026-01-23,Friday,True,1.63,0.6545454545454545,High
4A,Thudiyalur - Podanur,18.0,55,96,41,9,2026-01-23,Friday,True,1.61,0.7454545454545454,High
4A,Thudiyalur - Podanur,18.0,55,55,0,12,2026-01-23,Friday,False,1.08,0.0,Low
4A,Thudiyalur - Podanur,18.0,55,85,30,17,2026-01-23,Friday,True,1.68,0.5454545454545454,High
4A,Thudiyalur - Podanur,18.0,55,70,15,19,2026-01-23,Friday,True,1.31,0.2727272727272727,Moderate
2A,Perur - Polytechnic,16.0,50,76,26,7,2026-01-23,Friday,True,1.35,0.52,High
2A,Perur - Polytechnic,16.0,50,70,20,9,2026-01-23,Friday,True,1.55,0.3999999999999999,High
2A,Perur - Polytechnic,16.0,50,53,3,12,2026-01-23,Friday,False,1.09,0.06000000000000005,Low
2A,Perur - Polytechnic,16.0,50,82,32,17,2026-01-23,Friday,True,1.5,0.6399999999999999,High
2A,Perur - Polytechnic,16.0,50,72,22,19,2026-01-23,Friday,True,1.32,0.43999999999999995,High
33A,Gandhipuram - Mettupalayam,34.0,75,73,0,7,2026-01-24,Saturday,False,0.97,-0.026666666666666616,Low
33A,Gandhipuram - Mettupalayam,34.0,75,92,17,9,2026-01-24,Saturday,False,1.07,0.22666666666666657,High
33A,Gandhipuram - Mettupalayam,34.0,75,76,1,12,2026-01-24,Saturday,False,1.03,0.01333333333333342,Low
33A,Gandhipuram - Mettupalayam,34.0,75,76,1,17,2026-01-24,Saturday,False,1.02,0.01333333333333342,Low
33A,Gandhipuram - Mettupalayam,34.0,75,72,0,19,2026-01-24,Saturday,False,1.09,-0.040000000000000036,Low
32,Gandhipuram - Thudiyalur,10.0,30,37,7,7,2026-01-24,Saturday,False,1.03,0.2333333333333334,Moderate
32,Gandhipuram - Thudiyalur,10.0,30,33,3,9,2026-01-24,Saturday,False,0.99,0.10000000000000009,Low
32,Gandhipuram - Thudiyalur,10.0,30,29,0,12,2026-01-24,Saturday,False,0.98,-0.033333333333333326,Low
32,Gandhipuram - Thudiyalur,10.0,30,30,0,17,2026-01-24,Saturday,False,1.09,0.0,Low
32,Gandhipuram - Thudiyalur,10.0,30,29,0,19,2026-01-24,Saturday,False,0.96,-0.033333333333333326,Low
111,Thudiyalur - Gandhipuram,10.0,30,28,0,7,2026-01-24,Saturday,False,1.07,-0.06666666666666665,Low
111,Thudiyalur - Gandhipuram,10.0,30,29,0,9,2026-01-24,Saturday,False,1.04,-0.033333333333333326,Low
111,Thudiyalur - Gandhipuram,10.0,30,32,2,12,2026-01-24,Saturday,False,1.03,0.06666666666666665,Low
111,Thudiyalur - Gandhipuram,10.0,30,34,4,17,2026-01-24,Saturday,False,1.06,0.1333333333333333,Low
111,Thudiyalur - Gandhipuram,10.0,30,31,1,19,2026-01-24,Saturday,False,0.96,0.03333333333333344,Low
70,Gandhipuram - Maruthamalai,15.0,45,44,0,7,2026-01-24,Saturday,False,1.06,-0.022222222222222254,Low
70,Gandhipuram - Maruthamalai,15.0,45,40,0,9,2026-01-24,Saturday,False,1.1,-0.11111111111111116,Low
70,Gandhipuram - Maruthamalai,15.0,45,41,0,12,2026-01-24,Saturday,False,1.06,-0.0888888888888889,Low
70,Gandhipuram - Maruthamalai,15.0,45,51,6,17,2026-01-24,Saturday,False,0.97,0.1333333333333333,Moderate
70,Gandhipuram - Maruthamalai,15.0,45,45,0,19,2026-01-24,Saturday,False,1.05,0.0,Low
4A,Thudiyalur - Podanur,18.0,55,50,0,7,2026-01-24,Saturday,False,0.92,-0.09090909090909094,Low
4A,Thudiyalur - Podanur,18.0,55,63,8,9,2026-01-24,Saturday,False,1.07,0.1454545454545455,Moderate
4A,Thudiyalur - Podanur,18.0,55,51,0,12,2026-01-24,Saturday,False,0.96,-0.07272727272727275,Low
4A,Thudiyalur - Podanur,18.0,55,53,0,17,2026-01-24,Saturday,False,0.9,-0.036363636363636376,Low
4A,Thudiyalur - Podanur,18.0,55,58,3,19,2026-01-24,Saturday,False,1.08,0.05454545454545445,Low
2A,Perur - Polytechnic,16.0,50,51,1,7,2026-01-24,Saturday,False,1.09,0.020000000000000018,Low
2A,Perur - Polytechnic,16.0,50,64,14,9,2026-01-24,Saturday,False,1.09,0.28,Moderate
2A,Perur - Polytechnic,16.0,50,54,4,12,2026-01-24,Saturday,False,0.99,0.08000000000000007,Low
2A,Perur - Polytechnic,16.0,50,53,3,17,2026-01-24,Saturday,False,0.96,0.06000000000000005,Low
2A,Perur - Polytechnic,16.0,50,46,0,19,2026-01-24,Saturday,False,1.05,-0.07999999999999996,Low
33A,Gandhipuram - Mettupalayam,34.0,75,75,0,7,2026-01-25,Sunday,False,1.06,0.0,Low
33A,Gandhipuram - Mettupalayam,34.0,75,75,0,9,2026-01-25,Sunday,False,1.01,0.0,Low
33A,Gandhipuram - Mettupalayam,34.0,75,72,0,12,2026-01-25,Sunday,False,0.99,-0.040000000000000036,Low
33A,Gandhipuram - Mettupalayam,34.0,75,73,0,17,2026-01-25,Sunday,False,0.92,-0.026666666666666616,Low
33A,Gandhipuram - Mettupalayam,34.0,75,72,0,19,2026-01-25,Sunday,False,0.93,-0.040000000000000036,Low
32,Gandhipuram - Thudiyalur,10.0,30,34,4,7,2026-01-25,Sunday,False,0.92,0.1333333333333333,Low
32,Gandhipuram - Thudiyalur,10.0,30,25,0,9,2026-01-25,Sunday,False,0.92,-0.16666666666666663,Low
32,Gandhipuram - Thudiyalur,10.0,30,32,2,12,2026-01-25,Sunday,False,1.06,0.06666666666666665,Low
32,Gandhipuram - Thudiyalur,10.0,30,37,7,17,2026-01-25,Sunday,False,1.04,0.2333333333333334,Moderate
32,Gandhipuram - Thudiyalur,10.0,30,30,0,19,2026-01-25,Sunday,False,1.09,0.0,Low
111,Thudiyalur - Gandhipuram,10.0,30,29,0,7,2026-01-25,Sunday,False,1.1,-0.033333333333333326,Low
111,Thudiyalur - Gandhipuram,10.0,30,34,4,9,2026-01-25,Sunday,False,0.92,0.1333333333333333,Low
111,Thudiyalur - Gandhipuram,10.0,30,25,0,12,2026-01-25,Sunday,False,1.06,-0.16666666666666663,Low
111,Thudiyalur - Gandhipuram,10.0,30,40,10,17,2026-01-25,Sunday,False,1.08,0.33333333333333326,Moderate
111,Thudiyalur - Gandhipuram,10.0,30,26,0,19,2026-01-25,Sunday,False,0.92,-0.1333333333333333,Low
70,Gandhipuram - Maruthamalai,15.0,45,44,0,7,2026-01-25,Sunday,False,0.99,-0.022222222222222254,Low
70,Gandhipuram - Maruthamalai,15.0,45,47,2,9,2026-01-25,Sunday,False,0.91,0.04444444444444451,Low
70,Gandhipuram - Maruthamalai,15.0,45,49,4,12,2026-01-25,Sunday,False,1.02,0.0888888888888888,Low
70,Gandhipuram - Maruthamalai,15.0,45,41,0,17,2026-01-25,Sunday,False,1.09,-0.0888888888888889,Low
70,Gandhipuram - Maruthamalai,15.0,45,44,0,19,2026-01-25,Sunday,False,1.07,-0.022222222222222254,Low
4A,Thudiyalur - Podanur,18.0,55,52,0,7,2026-01-25,Sunday,False,0.94,-0.054545454545454564,Low
4A,Thudiyalur - Podanur,18.0,55,65,10,9,2026-01-25,Sunday,False,1.1,0.18181818181818188,Moderate
4A,Thudiyalur - Podanur,18.0,55,52,0,12,2026-01-25,Sunday,False,0.91,-0.054545454545454564,Low
4A,Thudiyalur - Podanur,18.0,55,55,0,17,2026-01-25,Sunday,False,1.0,0.0,Low
4A,Thudiyalur - Podanur,18.0,55,54,0,19,2026-01-25,Sunday,False,1.03,-0.018181818181818188,Low
2A,Perur - Polytechnic,16.0,50,60,10,7,2026-01-25,Sunday,False,1.03,0.19999999999999996,Moderate
2A,Perur - Polytechnic,16.0,50,50,0,9,2026-01-25,Sunday,False,1.02,0.0,Low
2A,Perur - Polytechnic,16.0,50,56,6,12,2026-01-25,Sunday,False,1.02,0.1200000000000001,Moderate
2A,Perur - Polytechnic,16.0,50,46,0,17,2026-01-25,Sunday,False,0.96,-0.07999999999999996,Low
2A,Perur - Polytechnic,16.0,50,45,0,19,2026-01-25,Sunday,False,0.97,-0.09999999999999998,Low
33A,Gandhipuram - Mettupalayam,34.0,75,109,34,7,2026-01-26,Monday,True,1.59,0.45333333333333337,High
33A,Gandhipuram - Mettupalayam,34.0,75,129,54,9,2026-01-26,Monday,True,1.71,0.72,High
33A,Gandhipuram - Mettupalayam,34.0,75,88,13,12,2026-01-26,Monday,False,1.14,0.17333333333333334,Moderate
33A,Gandhipuram - Mettupalayam,34.0,75,120,45,17,2026-01-26,Monday,True,1.51,0.6000000000000001,High
33A,Gandhipuram - Mettupalayam,34.0,75,132,57,19,2026-01-26,Monday,True,1.77,0.76,High
32,Gandhipuram - Thudiyalur,10.0,30,49,19,7,2026-01-26,Monday,True,1.71,0.6333333333333333,High
32,Gandhipuram - Thudiyalur,10.0,30,55,25,9,2026-01-26,Monday,True,1.79,0.8333333333333333,High
32,Gandhipuram - Thudiyalur,10.0,30,26,0,12,2026-01-26,Monday,False,1.08,-0.1333333333333333,Low
32,Gandhipuram - Thudiyalur,10.0,30,54,24,17,2026-01-26,Monday,True,1.78,0.8,High
32,Gandhipuram - Thudiyalur,10.0,30,47,17,19,2026-01-26,Monday,True,1.53,0.5666666666666667,High
111,Thudiyalur - Gandhipuram,10.0,30,44,14,7,2026-01-26,Monday,True,1.51,0.46666666666666656,Moderate
111,Thudiyalur - Gandhipuram,10.0,30,51,21,9,2026-01-26,Monday,True,1.73,0.7,High
111,Thudiyalur - Gandhipuram,10.0,30,42,12,12,2026-01-26,Monday,False,1.16,0.3999999999999999,Moderate
111,Thudiyalur - Gandhipuram,10.0,30,54,24,17,2026-01-26,Monday,True,1.77,0.8,High
111,Thudiyalur - Gandhipuram,10.0,30,50,20,19,2026-01-26,Monday,True,1.72,0.6666666666666667,High
70,Gandhipuram - Maruthamalai,15.0,45,53,8,7,2026-01-26,Monday,True,1.36,0.1777777777777778,Moderate
70,Gandhipuram - Maruthamalai,15.0,45,73,28,9,2026-01-26,Monday,True,1.78,0.6222222222222222,High
70,Gandhipuram - Maruthamalai,15.0,45,53,8,12,2026-01-26,Monday,False,1.13,0.1777777777777778,Moderate
70,Gandhipuram - Maruthamalai,15.0,45,68,23,17,2026-01-26,Monday,True,1.61,0.5111111111111111,High
70,Gandhipuram - Maruthamalai,15.0,45,72,27,19,2026-01-26,Monday,True,1.64,0.6000000000000001,High
4A,Thudiyalur - Podanur,18.0,55,86,31,7,2026-01-26,Monday,True,1.56,0.5636363636363637,High
4A,Thudiyalur - Podanur,18.0,55,102,47,9,2026-01-26,Monday,True,1.73,0.8545454545454545,High
4A,Thudiyalur - Podanur,18.0,55,66,11,12,2026-01-26,Monday,False,1.11,0.19999999999999996,Moderate
4A,Thudiyalur - Podanur,18.0,55,83,28,17,2026-01-26,Monday,True,1.5,0.509090909090909,High
4A,Thudiyalur - Podanur,18.0,55,82,27,19,2026-01-26,Monday,True,1.37,0.49090909090909096,High
2A,Perur - Polytechnic,16.0,50,74,24,7,2026-01-26,Monday,True,1.41,0.48,High
2A,Perur - Polytechnic,16.0,50,59,9,9,2026-01-26,Monday,True,1.37,0.17999999999999994,Moderate
2A,Perur - Polytechnic,16.0,50,61,11,12,2026-01-26,Monday,False,1.09,0.21999999999999997,Moderate
2A,Perur - Polytechnic,16.0,50,88,38,17,2026-01-26,Monday,True,1.75,0.76,High
2A,Perur - Polytechnic,16.0,50,73,23,19,2026-01-26,Monday,True,1.69,0.45999999999999996,High
33A,Gandhipuram - Mettupalayam,34.0,75,117,42,7,2026-01-27,Tuesday,True,1.5,0.56,High
33A,Gandhipuram - Mettupalayam,34.0,75,134,59,9,2026-01-27,Tuesday,True,1.77,0.7866666666666666,High
33A,Gandhipuram - Mettupalayam,34.0,75,77,2,12,2026-01-27,Tuesday,False,1.03,0.026666666666666616,Low
33A,Gandhipuram - Mettupalayam,34.0,75,111,36,17,2026-01-27,Tuesday,True,1.43,0.48,High
33A,Gandhipuram - Mettupalayam,34.0,75,114,39,19,2026-01-27,Tuesday,True,1.53,0.52,High
32,Gandhipuram - Thudiyalur,10.0,30,45,15,7,2026-01-27,Tuesday,True,1.46,0.5,Moderate
32,Gandhipuram - Thudiyalur,10.0,30,47,17,9,2026-01-27,Tuesday,True,1.62,0.5666666666666667,High
32,Gandhipuram - Thudiyalur,10.0,30,30,0,12,2026-01-27,Tuesday,False,1.03,0.0,Low
32,Gandhipuram - Thudiyalur,10.0,30,35,5,17,2026-01-27,Tuesday,True,1.36,0.16666666666666674,Low
32,Gandhipuram - Thudiyalur,10.0,30,46,16,19,2026-01-27,Tuesday,True,1.47,0.5333333333333334,High
111,Thudiyalur - Gandhipuram,10.0,30,62,32,7,2026-01-27,Tuesday,True,1.75,1.0666666666666669,High
111,Thudiyalur - Gandhipuram,10.0,30,39,9,9,2026-01-27,Tuesday,True,1.39,0.30000000000000004,Moderate
111,Thudiyalur - Gandhipuram,10.0,30,27,0,12,2026-01-27,Tuesday,False,1.04,-0.09999999999999998,Low
111,Thudiyalur - Gandhipuram,10.0,30,37,7,17,2026-01-27,Tuesday,True,1.34,0.2333333333333334,Moderate
111,Thudiyalur - Gandhipuram,10.0,30,33,3,19,2026-01-27,Tuesday,True,1.36,0.10000000000000009,Low
70,Gandhipuram - Maruthamalai,15.0,45,65,20,7,2026-01-27,Tuesday,True,1.48,0.4444444444444444,High
70,Gandhipuram - Maruthamalai,15.0,45,69,24,9,2026-01-27,Tuesday,True,1.55,0.5333333333333334,High
70,Gandhipuram - Maruthamalai,15.0,45,52,7,12,2026-01-27,Tuesday,False,1.16,0.15555555555555545,Moderate
70,Gandhipuram - Maruthamalai,15.0,45,76,31,17,2026-01-27,Tuesday,True,1.61,0.6888888888888889,High
70,Gandhipuram - Maruthamalai,15.0,45,72,27,19,2026-01-27,Tuesday,True,1.67,0.6000000000000001,High
4A,Thudiyalur - Podanur,18.0,55,73,18,7,2026-01-27,Tuesday,True,1.39,0.3272727272727274,High
4A,Thudiyalur - Podanur,18.0,55,78,23,9,2026-01-27,Tuesday,True,1.54,0.4181818181818182,High
4A,Thudiyalur - Podanur,18.0,55,58,3,12,2026-01-27,Tuesday,False,1.12,0.05454545454545445,Low
4A,Thudiyalur - Podanur,18.0,55,81,26,17,2026-01-27,Tuesday,True,1.67,0.47272727272727266,High
4A,Thudiyalur - Podanur,18.0,55,76,21,19,2026-01-27,Tuesday,True,1.32,0.38181818181818183,High
2A,Perur - Polytechnic,16.0,50,82,32,7,2026-01-27,Tuesday,True,1.75,0.6399999999999999,High
2A,Perur - Polytechnic,16.0,50,72,22,9,2026-01-27,Tuesday,True,1.56,0.43999999999999995,High
2A,Perur - Polytechnic,16.0,50,54,4,12,2026-01-27,Tuesday,False,1.09,0.08000000000000007,Low
2A,Perur - Polytechnic,16.0,50,74,24,17,2026-01-27,Tuesday,True,1.57,0.48,High
2A,Perur - Polytechnic,16.0,50,69,19,19,2026-01-27,Tuesday,True,1.49,0.3799999999999999,High
33A,Gandhipuram - Mettupalayam,34.0,75,92,17,7,2026-01-28,Wednesday,True,1.31,0.22666666666666657,High
33A,Gandhipuram - Mettupalayam,34.0,75,106,31,9,2026-01-28,Wednesday,True,1.46,0.41333333333333333,High
33A,Gandhipuram - Mettupalayam,34.0,75,77,2,12,2026-01-28,Wednesday,False,1.02,0.026666666666666616,Low
33A,Gandhipuram - Mettupalayam,34.0,75,127,52,17,2026-01-28,Wednesday,True,1.64,0.6933333333333334,High
33A,Gandhipuram - Mettupalayam,34.0,75,122,47,19,2026-01-28,Wednesday,True,1.69,0.6266666666666667,High
32,Gandhipuram - Thudiyalur,10.0,30,47,17,7,2026-01-28,Wednesday,True,1.57,0.5666666666666667,High
32,Gandhipuram - Thudiyalur,10.0,30,45,15,9,2026-01-28,Wednesday,True,1.59,0.5,Moderate
32,Gandhipuram - Thudiyalur,10.0,30,38,8,12,2026-01-28,Wednesday,False,1.03,0.2666666666666666,Moderate
32,Gandhipuram - Thudiyalur,10.0,30,50,20,17,2026-01-28,Wednesday,True,1.44,0.6666666666666667,High
32,Gandhipuram - Thudiyalur,10.0,30,41,11,19,2026-01-28,Wednesday,True,1.59,0.3666666666666667,Moderate
111,Thudiyalur - Gandhipuram,10.0,30,44,14,7,2026-01-28,Wednesday,True,1.48,0.46666666666666656,Moderate
111,Thudiyalur - Gandhipuram,10.0,30,43,13,9,2026-01-28,Wednesday,True,1.42,0.43333333333333335,Moderate
111,Thudiyalur - Gandhipuram,10.0,30,28,0,12,2026-01-28,Wednesday,False,1.02,-0.06666666666666665,Low
111,Thudiyalur - Gandhipuram,10.0,30,38,8,17,2026-01-28,Wednesday,True,1.38,0.2666666666666666,Moderate
111,Thudiyalur - Gandhipuram,10.0,30,37,7,19,2026-01-28,Wednesday,True,1.39,0.2333333333333334,Moderate
70,Gandhipuram - Maruthamalai,15.0,45,75,30,7,2026-01-28,Wednesday,True,1.75,0.6666666666666667,High
70,Gandhipuram - Maruthamalai,15.0,45,47,2,9,2026-01-28,Wednesday,True,1.34,0.04444444444444451,Low
70,Gandhipuram - Maruthamalai,15.0,45,57,12,12,2026-01-28,Wednesday,False,1.2,0.2666666666666666,Moderate
70,Gandhipuram - Maruthamalai,15.0,45,62,17,17,2026-01-28,Wednesday,True,1.36,0.37777777777777777,High
70,Gandhipuram - Maruthamalai,15.0,45,77,32,19,2026-01-28,Wednesday,True,1.73,0.711111111111111,High
4A,Thudiyalur - Podanur,18.0,55,90,35,7,2026-01-28,Wednesday,True,1.71,0.6363636363636365,High
4A,Thudiyalur - Podanur,18.0,55,87,32,9,2026-01-28,Wednesday,True,1.63,0.5818181818181818,High
4A,Thudiyalur - Podanur,18.0,55,75,20,12,2026-01-28,Wednesday,False,1.19,0.36363636363636354,High
4A,Thudiyalur - Podanur,18.0,55,87,32,17,2026-01-28,Wednesday,True,1.44,0.5818181818181818,High
4A,Thudiyalur - Podanur,18.0,55,89,34,19,2026-01-28,Wednesday,True,1.68,0.6181818181818182,High
2A,Perur - Polytechnic,16.0,50,70,20,7,2026-01-28,Wednesday,True,1.51,0.3999999999999999,High
2A,Perur - Polytechnic,16.0,50,75,25,9,2026-01-28,Wednesday,True,1.55,0.5,High
2A,Perur - Polytechnic,16.0,50,54,4,12,2026-01-28,Wednesday,False,1.12,0.08000000000000007,Low
2A,Perur - Polytechnic,16.0,50,66,16,17,2026-01-28,Wednesday,True,1.44,0.32000000000000006,High
2A,Perur - Polytechnic,16.0,50,78,28,19,2026-01-28,Wednesday,True,1.54,0.56,High
33A,Gandhipuram - Mettupalayam,34.0,75,116,41,7,2026-01-29,Thursday,True,1.57,0.5466666666666666,High
33A,Gandhipuram - Mettupalayam,34.0,75,100,25,9,2026-01-29,Thursday,True,1.37,0.33333333333333326,High
33A,Gandhipuram - Mettupalayam,34.0,75,72,0,12,2026-01-29,Thursday,False,1.01,-0.040000000000000036,Low
33A,Gandhipuram - Mettupalayam,34.0,75,126,51,17,2026-01-29,Thursday,True,1.64,0.6799999999999999,High
33A,Gandhipuram - Mettupalayam,34.0,75,122,47,19,2026-01-29,Thursday,True,1.68,0.6266666666666667,High
32,Gandhipuram - Thudiyalur,10.0,30,57,27,7,2026-01-29,Thursday,True,1.51,0.8999999999999999,High
32,Gandhipuram - Thudiyalur,10.0,30,45,15,9,2026-01-29,Thursday,True,1.47,0.5,Moderate
32,Gandhipuram - Thudiyalur,10.0,30,31,1,12,2026-01-29,Thursday,False,1.04,0.03333333333333344,Low
32,Gandhipuram - Thudiyalur,10.0,30,42,12,17,2026-01-29,Thursday,True,1.33,0.3999999999999999,Moderate
32,Gandhipuram - Thudiyalur,10.0,30,59,29,19,2026-01-29,Thursday,True,1.72,0.9666666666666666,High
111,Thudiyalur - Gandhipuram,10.0,30,38,8,7,2026-01-29,Thursday,True,1.37,0.2666666666666666,Moderate
111,Thudiyalur - Gandhipuram,10.0,30,44,14,9,2026-01-29,Thursday,True,1.38,0.46666666666666656,Moderate
111,Thudiyalur - Gandhipuram,10.0,30,33,3,12,2026-01-29,Thursday,False,1.03,0.10000000000000009,Low
111,Thudiyalur - Gandhipuram,10.0,30,52,22,17,2026-01-29,Thursday,True,1.56,0.7333333333333334,High
111,Thudiyalur - Gandhipuram,10.0,30,43,13,19,2026-01-29,Thursday,True,1.48,0.43333333333333335,Moderate
70,Gandhipuram - Maruthamalai,15.0,45,81,36,7,2026-01-29,Thursday,True,1.71,0.8,High
70,Gandhipuram - Maruthamalai,15.0,45,64,19,9,2026-01-29,Thursday,True,1.52,0.4222222222222223,High
70,Gandhipuram - Maruthamalai,15.0,45,40,0,12,2026-01-29,Thursday,False,1.06,-0.11111111111111116,Low
70,Gandhipuram - Maruthamalai,15.0,45,67,22,17,2026-01-29,Thursday,True,1.67,0.48888888888888893,High
70,Gandhipuram - Maruthamalai,15.0,45,78,33,19,2026-01-29,Thursday,True,1.75,0.7333333333333334,High
4A,Thudiyalur - Podanur,18.0,55,86,31,7,2026-01-29,Thursday,True,1.49,0.5636363636363637,High
4A,Thudiyalur - Podanur,18.0,55,89,34,9,2026-01-29,Thursday,True,1.61,0.6181818181818182,High
4A,Thudiyalur - Podanur,18.0,55,57,2,12,2026-01-29,Thursday,False,1.02,0.036363636363636376,Low
4A,Thudiyalur - Podanur,18.0,55,83,28,17,2026-01-29,Thursday,True,1.47,0.509090909090909,High
4A,Thudiyalur - Podanur,18.0,55,77,22,19,2026-01-29,Thursday,True,1.37,0.3999999999999999,High
2A,Perur - Polytechnic,16.0,50,84,34,7,2026-01-29,Thursday,True,1.57,0.6799999999999999,High
2A,Perur - Polytechnic,16.0,50,84,34,9,2026-01-29,Thursday,True,1.75,0.6799999999999999,High
2A,Perur - Polytechnic,16.0,50,55,5,12,2026-01-29,Thursday,False,1.06,0.10000000000000009,Low
2A,Perur - Polytechnic,16.0,50,78,28,17,2026-01-29,Thursday,True,1.42,0.56,High
2A,Perur - Polytechnic,16.0,50,88,38,19,2026-01-29,Thursday,True,1.74,0.76,High
33A,Gandhipuram - Mettupalayam,34.0,75,116,41,7,2026-01-30,Friday,True,1.47,0.5466666666666666,High
33A,Gandhipuram - Mettupalayam,34.0,75,100,25,9,2026-01-30,Friday,True,1.37,0.33333333333333326,High
33A,Gandhipuram - Mettupalayam,34.0,75,83,8,12,2026-01-30,Friday,False,1.05,0.10666666666666669,Moderate
33A,Gandhipuram - Mettupalayam,34.0,75,126,51,17,2026-01-30,Friday,True,1.62,0.6799999999999999,High
33A,Gandhipuram - Mettupalayam,34.0,75,115,40,19,2026-01-30,Friday,True,1.65,0.5333333333333334,High
32,Gandhipuram - Thudiyalur,10.0,30,45,15,7,2026-01-30,Friday,True,1.47,0.5,Moderate
32,Gandhipuram - Thudiyalur,10.0,30,42,12,9,2026-01-30,Friday,True,1.39,0.3999999999999999,Moderate
32,Gandhipuram - Thudiyalur,10.0,30,36,6,12,2026-01-30,Friday,False,1.08,0.19999999999999996,Moderate
32,Gandhipuram - Thudiyalur,10.0,30,46,16,17,2026-01-30,Friday,True,1.53,0.5333333333333334,High
32,Gandhipuram - Thudiyalur,10.0,30,61,31,19,2026-01-30,Friday,True,1.61,1.0333333333333332,High
111,Thudiyalur - Gandhipuram,10.0,30,48,18,7,2026-01-30,Friday,True,1.31,0.6000000000000001,High
111,Thudiyalur - Gandhipuram,10.0,30,55,25,9,2026-01-30,Friday,True,1.76,0.8333333333333333,High
111,Thudiyalur - Gandhipuram,10.0,30,35,5,12,2026-01-30,Friday,False,1.14,0.16666666666666674,Low
111,Thudiyalur - Gandhipuram,10.0,30,42,12,17,2026-01-30,Friday,True,1.6,0.3999999999999999,Moderate
111,Thudiyalur - Gandhipuram,10.0,30,46,16,19,2026-01-30,Friday,True,1.51,0.5333333333333334,High
70,Gandhipuram - Maruthamalai,15.0,45,79,34,7,2026-01-30,Friday,True,1.76,0.7555555555555555,High
70,Gandhipuram - Maruthamalai,15.0,45,81,36,9,2026-01-30,Friday,True,1.53,0.8,High
70,Gandhipuram - Maruthamalai,15.0,45,51,6,12,2026-01-30,Friday,False,1.08,0.1333333333333333,Moderate
70,Gandhipuram - Maruthamalai,15.0,45,65,20,17,2026-01-30,Friday,True,1.33,0.4444444444444444,High
70,Gandhipuram - Maruthamalai,15.0,45,55,10,19,2026-01-30,Friday,True,1.3,0.22222222222222232,Moderate
4A,Thudiyalur - Podanur,18.0,55,84,29,7,2026-01-30,Friday,True,1.47,0.5272727272727273,High
4A,Thudiyalur - Podanur,18.0,55,85,30,9,2026-01-30,Friday,True,1.76,0.5454545454545454,High
4A,Thudiyalur - Podanur,18.0,55,65,10,12,2026-01-30,Friday,False,1.07,0.18181818181818188,Moderate
4A,Thudiyalur - Podanur,18.0,55,79,24,17,2026-01-30,Friday,True,1.53,0.4363636363636363,High
4A,Thudiyalur - Podanur,18.0,55,72,17,19,2026-01-30,Friday,True,1.41,0.3090909090909091,High
2A,Perur - Polytechnic,16.0,50,68,18,7,2026-01-30,Friday,True,1.39,0.3600000000000001,High
2A,Perur - Polytechnic,16.0,50,81,31,9,2026-01-30,Friday,True,1.55,0.6200000000000001,High
2A,Perur - Polytechnic,16.0,50,52,2,12,2026-01-30,Friday,False,1.07,0.040000000000000036,Low
2A,Perur - Polytechnic,16.0,50,74,24,17,2026-01-30,Friday,True,1.59,0.48,High
2A,Perur - Polytechnic,16.0,50,91,41,19,2026-01-30,Friday,True,1.78,0.8200000000000001,High
33A,Gandhipuram - Mettupalayam,34.0,75,70,0,7,2026-01-31,Saturday,False,0.93,-0.06666666666666665,Low
33A,Gandhipuram - Mettupalayam,34.0,75,81,6,9,2026-01-31,Saturday,False,1.1,0.08000000000000007,Moderate
33A,Gandhipuram - Mettupalayam,34.0,75,71,0,12,2026-01-31,Saturday,False,1.0,-0.053333333333333344,Low
33A,Gandhipuram - Mettupalayam,34.0,75,79,4,17,2026-01-31,Saturday,False,1.05,0.05333333333333323,Low
33A,Gandhipuram - Mettupalayam,34.0,75,70,0,19,2026-01-31,Saturday,False,0.94,-0.06666666666666665,Low
32,Gandhipuram - Thudiyalur,10.0,30,28,0,7,2026-01-31,Saturday,False,0.94,-0.06666666666666665,Low
32,Gandhipuram - Thudiyalur,10.0,30,40,10,9,2026-01-31,Saturday,False,0.91,0.33333333333333326,Moderate
32,Gandhipuram - Thudiyalur,10.0,30,25,0,12,2026-01-31,Saturday,False,0.91,-0.16666666666666663,Low
32,Gandhipuram - Thudiyalur,10.0,30,38,8,17,2026-01-31,Saturday,False,1.06,0.2666666666666666,Moderate
32,Gandhipuram - Thudiyalur,10.0,30,25,0,19,2026-01-31,Saturday,False,0.99,-0.16666666666666663,Low
111,Thudiyalur - Gandhipuram,10.0,30,25,0,7,2026-01-31,Saturday,False,0.98,-0.16666666666666663,Low
111,Thudiyalur - Gandhipuram,10.0,30,29,0,9,2026-01-31,Saturday,False,0.94,-0.033333333333333326,Low
111,Thudiyalur - Gandhipuram,10.0,30,31,1,12,2026-01-31,Saturday,False,1.07,0.03333333333333344,Low
111,Thudiyalur - Gandhipuram,10.0,30,31,1,17,2026-01-31,Saturday,False,0.95,0.03333333333333344,Low
111,Thudiyalur - Gandhipuram,10.0,30,29,0,19,2026-01-31,Saturday,False,1.03,-0.033333333333333326,Low
70,Gandhipuram - Maruthamalai,15.0,45,41,0,7,2026-01-31,Saturday,False,0.93,-0.0888888888888889,Low
70,Gandhipuram - Maruthamalai,15.0,45,46,1,9,2026-01-31,Saturday,False,1.04,0.022222222222222143,Low
70,Gandhipuram - Maruthamalai,15.0,45,42,0,12,2026-01-31,Saturday,False,0.94,-0.06666666666666665,Low
70,Gandhipuram - Maruthamalai,15.0,45,43,0,17,2026-01-31,Saturday,False,0.95,-0.0444444444444444,Low
70,Gandhipuram - Maruthamalai,15.0,45,41,0,19,2026-01-31,Saturday,False,0.94,-0.0888888888888889,Low
4A,Thudiyalur - Podanur,18.0,55,54,0,7,2026-01-31,Saturday,False,1.03,-0.018181818181818188,Low
4A,Thudiyalur - Podanur,18.0,55,51,0,9,2026-01-31,Saturday,False,0.95,-0.07272727272727275,Low
4A,Thudiyalur - Podanur,18.0,55,58,3,12,2026-01-31,Saturday,False,1.04,0.05454545454545445,Low
4A,Thudiyalur - Podanur,18.0,55,55,0,17,2026-01-31,Saturday,False,0.98,0.0,Low
4A,Thudiyalur - Podanur,18.0,55,53,0,19,2026-01-31,Saturday,False,1.03,-0.036363636363636376,Low
2A,Perur - Polytechnic,16.0,50,49,0,7,2026-01-31,Saturday,False,1.08,-0.020000000000000018,Low
2A,Perur - Polytechnic,16.0,50,45,0,9,2026-01-31,Saturday,False,0.9,-0.09999999999999998,Low
2A,Perur - Polytechnic,16.0,50,62,12,12,2026-01-31,Saturday,False,1.08,0.24,Moderate
2A,Perur - Polytechnic,16.0,50,46,0,17,2026-01-31,Saturday,False,1.06,-0.07999999999999996,Low
2A,Perur - Polytechnic,16.0,50,45,0,19,2026-01-31,Saturday,False,0.98,-0.09999999999999998,Low
33A,Gandhipuram - Mettupalayam,34.0,75,80,5,7,2026-02-01,Sunday,False,1.02,0.06666666666666665,Low
33A,Gandhipuram - Mettupalayam,34.0,75,70,0,9,2026-02-01,Sunday,False,0.98,-0.06666666666666665,Low
33A,Gandhipuram - Mettupalayam,34.0,75,70,0,12,2026-02-01,Sunday,False,1.01,-0.06666666666666665,Low
33A,Gandhipuram - Mettupalayam,34.0,75,79,4,17,2026-02-01,Sunday,False,1.09,0.05333333333333323,Low
33A,Gandhipuram - Mettupalayam,34.0,75,83,8,19,2026-02-01,Sunday,False,1.05,0.10666666666666669,Moderate
32,Gandhipuram - Thudiyalur,10.0,30,31,1,7,2026-02-01,Sunday,False,1.06,0.03333333333333344,Low
32,Gandhipuram - Thudiyalur,10.0,30,40,10,9,2026-02-01,Sunday,False,0.99,0.33333333333333326,Moderate
32,Gandhipuram - Thudiyalur,10.0,30,31,1,12,2026-02-01,Sunday,False,0.95,0.03333333333333344,Low
32,Gandhipuram - Thudiyalur,10.0,30,25,0,17,2026-02-01,Sunday,False,0.93,-0.16666666666666663,Low
32,Gandhipuram - Thudiyalur,10.0,30,29,0,19,2026-02-01,Sunday,False,0.95,-0.033333333333333326,Low
111,Thudiyalur - Gandhipuram,10.0,30,25,0,7,2026-02-01,Sunday,False,0.9,-0.16666666666666663,Low
111,Thudiyalur - Gandhipuram,10.0,30,33,3,9,2026-02-01,Sunday,False,1.01,0.10000000000000009,Low
111,Thudiyalur - Gandhipuram,10.0,30,28,0,12,2026-02-01,Sunday,False,1.03,-0.06666666666666665,Low
111,Thudiyalur - Gandhipuram,10.0,30,29,0,17,2026-02-01,Sunday,False,0.9,-0.033333333333333326,Low
111,Thudiyalur - Gandhipuram,10.0,30,35,5,19,2026-02-01,Sunday,False,0.93,0.16666666666666674,Low
70,Gandhipuram - Maruthamalai,15.0,45,54,9,7,2026-02-01,Sunday,False,1.03,0.19999999999999996,Moderate
70,Gandhipuram - Maruthamalai,15.0,45,41,0,9,2026-02-01,Sunday,False,0.94,-0.0888888888888889,Low
70,Gandhipuram - Maruthamalai,15.0,45,47,2,12,2026-02-01,Sunday,False,0.98,0.04444444444444451,Low
70,Gandhipuram - Maruthamalai,15.0,45,43,0,17,2026-02-01,Sunday,False,1.0,-0.0444444444444444,Low
70,Gandhipuram - Maruthamalai,15.0,45,46,1,19,2026-02-01,Sunday,False,1.02,0.022222222222222143,Low
4A,Thudiyalur - Podanur,18.0,55,50,0,7,2026-02-01,Sunday,False,0.95,-0.09090909090909094,Low
4A,Thudiyalur - Podanur,18.0,55,50,0,9,2026-02-01,Sunday,False,0.97,-0.09090909090909094,Low
4A,Thudiyalur - Podanur,18.0,55,60,5,12,2026-02-01,Sunday,False,1.04,0.09090909090909083,Low
4A,Thudiyalur - Podanur,18.0,55,50,0,17,2026-02-01,Sunday,False,1.0,-0.09090909090909094,Low
4A,Thudiyalur - Podanur,18.0,55,57,2,19,2026-02-01,Sunday,False,1.03,0.036363636363636376,Low
2A,Perur - Polytechnic,16.0,50,48,0,7,2026-02-01,Sunday,False,0.94,-0.040000000000000036,Low
2A,Perur - Polytechnic,16.0,50,48,0,9,2026-02-01,Sunday,False,0.91,-0.040000000000000036,Low
2A,Perur - Polytechnic,16.0,50,45,0,12,2026-02-01,Sunday,False,0.91,-0.09999999999999998,Low
2A,Perur - Polytechnic,16.0,50,45,0,17,2026-02-01,Sunday,False,1.0,-0.09999999999999998,Low
2A,Perur - Polytechnic,16.0,50,57,7,19,2026-02-01,Sunday,False,1.05,0.1399999999999999,Moderate
33A,Gandhipuram - Mettupalayam,34.0,75,102,27,7,2026-02-02,Monday,True,1.35,0.3600000000000001,High
33A,Gandhipuram - Mettupalayam,34.0,75,114,39,9,2026-02-02,Monday,True,1.55,0.52,High
33A,Gandhipuram - Mettupalayam,34.0,75,77,2,12,2026-02-02,Monday,False,1.14,0.026666666666666616,Low
33A,Gandhipuram - Mettupalayam,34.0,75,126,51,17,2026-02-02,Monday,True,1.71,0.6799999999999999,High
33A,Gandhipuram - Mettupalayam,34.0,75,122,47,19,2026-02-02,Monday,True,1.7,0.6266666666666667,High
32,Gandhipuram - Thudiyalur,10.0,30,52,22,7,2026-02-02,Monday,True,1.6,0.7333333333333334,High
32,Gandhipuram - Thudiyalur,10.0,30,37,7,9,2026-02-02,Monday,True,1.48,0.2333333333333334,Moderate
32,Gandhipuram - Thudiyalur,10.0,30,32,2,12,2026-02-02,Monday,False,1.11,0.06666666666666665,Low
32,Gandhipuram - Thudiyalur,10.0,30,56,26,17,2026-02-02,Monday,True,1.74,0.8666666666666667,High
32,Gandhipuram - Thudiyalur,10.0,30,51,21,19,2026-02-02,Monday,True,1.63,0.7,High
111,Thudiyalur - Gandhipuram,10.0,30,47,17,7,2026-02-02,Monday,True,1.65,0.5666666666666667,High
111,Thudiyalur - Gandhipuram,10.0,30,49,19,9,2026-02-02,Monday,True,1.54,0.6333333333333333,High
111,Thudiyalur - Gandhipuram,10.0,30,35,5,12,2026-02-02,Monday,False,1.04,0.16666666666666674,Low
111,Thudiyalur - Gandhipuram,10.0,30,40,10,17,2026-02-02,Monday,True,1.32,0.33333333333333326,Moderate
111,Thudiyalur - Gandhipuram,10.0,30,51,21,19,2026-02-02,Monday,True,1.65,0.7,High
70,Gandhipuram - Maruthamalai,15.0,45,79,34,7,2026-02-02,Monday,True,1.79,0.7555555555555555,High
70,Gandhipuram - Maruthamalai,15.0,45,85,40,9,2026-02-02,Monday,True,1.77,0.8888888888888888,High
70,Gandhipuram - Maruthamalai,15.0,45,52,7,12,2026-02-02,Monday,False,1.17,0.15555555555555545,Moderate
70,Gandhipuram - Maruthamalai,15.0,45,58,13,17,2026-02-02,Monday,True,1.46,0.288888888888889,Moderate
70,Gandhipuram - Maruthamalai,15.0,45,63,18,19,2026-02-02,Monday,True,1.36,0.3999999999999999,High
4A,Thudiyalur - Podanur,18.0,55,68,13,7,2026-02-02,Monday,True,1.34,0.23636363636363633,Moderate
4A,Thudiyalur - Podanur,18.0,55,97,42,9,2026-02-02,Monday,True,1.66,0.7636363636363637,High
4A,Thudiyalur - Podanur,18.0,55,57,2,12,2026-02-02,Monday,False,1.01,0.036363636363636376,Low
4A,Thudiyalur - Podanur,18.0,55,83,28,17,2026-02-02,Monday,True,1.7,0.509090909090909,High
4A,Thudiyalur - Podanur,18.0,55,84,29,19,2026-02-02,Monday,True,1.46,0.5272727272727273,High
2A,Perur - Polytechnic,16.0,50,81,31,7,2026-02-02,Monday,True,1.61,0.6200000000000001,High
2A,Perur - Polytechnic,16.0,50,74,24,9,2026-02-02,Monday,True,1.42,0.48,High
2A,Perur - Polytechnic,16.0,50,58,8,12,2026-02-02,Monday,False,1.16,0.15999999999999992,Moderate
2A,Perur - Polytechnic,16.0,50,96,46,17,2026-02-02,Monday,True,1.8,0.9199999999999999,High
2A,Perur - Polytechnic,16.0,50,71,21,19,2026-02-02,Monday,True,1.5,0.41999999999999993,High
33A,Gandhipuram - Mettupalayam,34.0,75,120,45,7,2026-02-03,Tuesday,True,1.54,0.6000000000000001,High
33A,Gandhipuram - Mettupalayam,34.0,75,135,60,9,2026-02-03,Tuesday,True,1.79,0.8,High
33A,Gandhipuram - Mettupalayam,34.0,75,78,3,12,2026-02-03,Tuesday,False,1.15,0.040000000000000036,Low
33A,Gandhipuram - Mettupalayam,34.0,75,116,41,17,2026-02-03,Tuesday,True,1.67,0.5466666666666666,High
33A,Gandhipuram - Mettupalayam,34.0,75,104,29,19,2026-02-03,Tuesday,True,1.42,0.3866666666666667,High
32,Gandhipuram - Thudiyalur,10.0,30,39,9,7,2026-02-03,Tuesday,True,1.44,0.30000000000000004,Moderate
32,Gandhipuram - Thudiyalur,10.0,30,33,3,9,2026-02-03,Tuesday,True,1.45,0.10000000000000009,Low
32,Gandhipuram - Thudiyalur,10.0,30,28,0,12,2026-02-03,Tuesday,False,1.14,-0.06666666666666665,Low
32,Gandhipuram - Thudiyalur,10.0,30,41,11,17,2026-02-03,Tuesday,True,1.41,0.3666666666666667,Moderate
32,Gandhipuram - Thudiyalur,10.0,30,48,18,19,2026-02-03,Tuesday,True,1.74,0.6000000000000001,High
111,Thudiyalur - Gandhipuram,10.0,30,64,34,7,2026-02-03,Tuesday,True,1.77,1.1333333333333333,High
111,Thudiyalur - Gandhipuram,10.0,30,38,8,9,2026-02-03,Tuesday,True,1.38,0.2666666666666666,Moderate
111,Thudiyalur - Gandhipuram,10.0,30,41,11,12,2026-02-03,Tuesday,False,1.2,0.3666666666666667,Moderate
111,Thudiyalur - Gandhipuram,10.0,30,54,24,17,2026-02-03,Tuesday,True,1.56,0.8,High
111,Thudiyalur - Gandhipuram,10.0,30,39,9,19,2026-02-03,Tuesday,True,1.42,0.30000000000000004,Moderate
70,Gandhipuram - Maruthamalai,15.0,45,59,14,7,2026-02-03,Tuesday,True,1.39,0.3111111111111111,Moderate
70,Gandhipuram - Maruthamalai,15.0,45,73,28,9,2026-02-03,Tuesday,True,1.69,0.6222222222222222,High
70,Gandhipuram - Maruthamalai,15.0,45,52,7,12,2026-02-03,Tuesday,False,1.19,0.15555555555555545,Moderate
70,Gandhipuram - Maruthamalai,15.0,45,76,31,17,2026-02-03,Tuesday,True,1.74,0.6888888888888889,High
70,Gandhipuram - Maruthamalai,15.0,45,69,24,19,2026-02-03,Tuesday,True,1.68,0.5333333333333334,High
4A,Thudiyalur - Podanur,18.0,55,92,37,7,2026-02-03,Tuesday,True,1.65,0.6727272727272726,High
4A,Thudiyalur - Podanur,18.0,55,75,20,9,2026-02-03,Tuesday,True,1.41,0.36363636363636354,High
4A,Thudiyalur - Podanur,18.0,55,69,14,12,2026-02-03,Tuesday,False,1.04,0.25454545454545463,Moderate
4A,Thudiyalur - Podanur,18.0,55,92,37,17,2026-02-03,Tuesday,True,1.59,0.6727272727272726,High
4A,Thudiyalur - Podanur,18.0,55,72,17,19,2026-02-03,Tuesday,True,1.35,0.3090909090909091,High
2A,Perur - Polytechnic,16.0,50,71,21,7,2026-02-03,Tuesday,True,1.36,0.41999999999999993,High
2A,Perur - Polytechnic,16.0,50,89,39,9,2026-02-03,Tuesday,True,1.74,0.78,High
2A,Perur - Polytechnic,16.0,50,60,10,12,2026-02-03,Tuesday,False,1.11,0.19999999999999996,Moderate
2A,Perur - Polytechnic,16.0,50,58,8,17,2026-02-03,Tuesday,True,1.34,0.15999999999999992,Moderate
2A,Perur - Polytechnic,16.0,50,65,15,19,2026-02-03,Tuesday,True,1.43,0.30000000000000004,Moderate
33A,Gandhipuram - Mettupalayam,34.0,75,120,45,7,2026-02-04,Wednesday,True,1.66,0.6000000000000001,High
33A,Gandhipuram - Mettupalayam,34.0,75,105,30,9,2026-02-04,Wednesday,True,1.41,0.3999999999999999,High
33A,Gandhipuram - Mettupalayam,34.0,75,70,0,12,2026-02-04,Wednesday,False,1.14,-0.06666666666666665,Low
33A,Gandhipuram - Mettupalayam,34.0,75,115,40,17,2026-02-04,Wednesday,True,1.6,0.5333333333333334,High
33A,Gandhipuram - Mettupalayam,34.0,75,135,60,19,2026-02-04,Wednesday,True,1.71,0.8,High
32,Gandhipuram - Thudiyalur,10.0,30,41,11,7,2026-02-04,Wednesday,True,1.58,0.3666666666666667,Moderate
32,Gandhipuram - Thudiyalur,10.0,30,44,14,9,2026-02-04,Wednesday,True,1.43,0.46666666666666656,Moderate
32,Gandhipuram - Thudiyalur,10.0,30,35,5,12,2026-02-04,Wednesday,False,1.13,0.16666666666666674,Low
32,Gandhipuram - Thudiyalur,10.0,30,53,23,17,2026-02-04,Wednesday,True,1.73,0.7666666666666666,High
32,Gandhipuram - Thudiyalur,10.0,30,55,25,19,2026-02-04,Wednesday,True,1.72,0.8333333333333333,High
111,Thudiyalur - Gandhipuram,10.0,30,54,24,7,2026-02-04,Wednesday,True,1.65,0.8,High
111,Thudiyalur - Gandhipuram,10.0,30,57,27,9,2026-02-04,Wednesday,True,1.68,0.8999999999999999,High
111,Thudiyalur - Gandhipuram,10.0,30,29,0,12,2026-02-04,Wednesday,False,1.03,-0.033333333333333326,Low
111,Thudiyalur - Gandhipuram,10.0,30,45,15,17,2026-02-04,Wednesday,True,1.67,0.5,Moderate
111,Thudiyalur - Gandhipuram,10.0,30,43,13,19,2026-02-04,Wednesday,True,1.38,0.43333333333333335,Moderate
70,Gandhipuram - Maruthamalai,15.0,45,71,26,7,2026-02-04,Wednesday,True,1.55,0.5777777777777777,High
70,Gandhipuram - Maruthamalai,15.0,45,62,17,9,2026-02-04,Wednesday,True,1.3,0.37777777777777777,High
70,Gandhipuram - Maruthamalai,15.0,45,46,1,12,2026-02-04,Wednesday,False,1.2,0.022222222222222143,Low
70,Gandhipuram - Maruthamalai,15.0,45,76,31,17,2026-02-04,Wednesday,True,1.62,0.6888888888888889,High
70,Gandhipuram - Maruthamalai,15.0,45,63,18,19,2026-02-04,Wednesday,True,1.57,0.3999999999999999,High
4A,Thudiyalur - Podanur,18.0,55,94,39,7,2026-02-04,Wednesday,True,1.69,0.709090909090909,High
4A,Thudiyalur - Podanur,18.0,55,84,29,9,2026-02-04,Wednesday,True,1.57,0.5272727272727273,High
4A,Thudiyalur - Podanur,18.0,55,71,16,12,2026-02-04,Wednesday,False,1.19,0.290909090909091,High
4A,Thudiyalur - Podanur,18.0,55,89,34,17,2026-02-04,Wednesday,True,1.77,0.6181818181818182,High
4A,Thudiyalur - Podanur,18.0,55,75,20,19,2026-02-04,Wednesday,True,1.35,0.36363636363636354,High
2A,Perur - Polytechnic,16.0,50,68,18,7,2026-02-04,Wednesday,True,1.33,0.3600000000000001,High
2A,Perur - Polytechnic,16.0,50,70,20,9,2026-02-04,Wednesday,True,1.45,0.3999999999999999,High
2A,Perur - Polytechnic,16.0,50,56,6,12,2026-02-04,Wednesday,False,1.12,0.1200000000000001,Moderate
2A,Perur - Polytechnic,16.0,50,71,21,17,2026-02-04,Wednesday,True,1.47,0.41999999999999993,High
2A,Perur - Polytechnic,16.0,50,87,37,19,2026-02-04,Wednesday,True,1.74,0.74,High
33A,Gandhipuram - Mettupalayam,34.0,75,135,60,7,2026-02-05,Thursday,True,1.79,0.8,High
33A,Gandhipuram - Mettupalayam,34.0,75,95,20,9,2026-02-05,Thursday,True,1.31,0.2666666666666666,High
33A,Gandhipuram - Mettupalayam,34.0,75,74,0,12,2026-02-05,Thursday,False,1.0,-0.013333333333333308,Low
33A,Gandhipuram - Mettupalayam,34.0,75,116,41,17,2026-02-05,Thursday,True,1.69,0.5466666666666666,High
33A,Gandhipuram - Mettupalayam,34.0,75,114,39,19,2026-02-05,Thursday,True,1.64,0.52,High
32,Gandhipuram - Thudiyalur,10.0,30,51,21,7,2026-02-05,Thursday,True,1.8,0.7,High
32,Gandhipuram - Thudiyalur,10.0,30,39,9,9,2026-02-05,Thursday,True,1.51,0.30000000000000004,Moderate
32,Gandhipuram - Thudiyalur,10.0,30,33,3,12,2026-02-05,Thursday,False,1.16,0.10000000000000009,Low
32,Gandhipuram - Thudiyalur,10.0,30,55,25,17,2026-02-05,Thursday,True,1.65,0.8333333333333333,High
32,Gandhipuram - Thudiyalur,10.0,30,49,19,19,2026-02-05,Thursday,True,1.44,0.6333333333333333,High
111,Thudiyalur - Gandhipuram,10.0,30,52,22,7,2026-02-05,Thursday,True,1.78,0.7333333333333334,High
111,Thudiyalur - Gandhipuram,10.0,30,47,17,9,2026-02-05,Thursday,True,1.77,0.5666666666666667,High
111,Thudiyalur - Gandhipuram,10.0,30,26,0,12,2026-02-05,Thursday,False,1.08,-0.1333333333333333,Low
111,Thudiyalur - Gandhipuram,10.0,30,51,21,17,2026-02-05,Thursday,True,1.44,0.7,High
111,Thudiyalur - Gandhipuram,10.0,30,58,28,19,2026-02-05,Thursday,True,1.79,0.9333333333333333,High
70,Gandhipuram - Maruthamalai,15.0,45,62,17,7,2026-02-05,Thursday,True,1.41,0.37777777777777777,High
70,Gandhipuram - Maruthamalai,15.0,45,63,18,9,2026-02-05,Thursday,True,1.41,0.3999999999999999,High
70,Gandhipuram - Maruthamalai,15.0,45,47,2,12,2026-02-05,Thursday,False,1.07,0.04444444444444451,Low
70,Gandhipuram - Maruthamalai,15.0,45,80,35,17,2026-02-05,Thursday,True,1.73,0.7777777777777777,High
70,Gandhipuram - Maruthamalai,15.0,45,62,17,19,2026-02-05,Thursday,True,1.39,0.37777777777777777,High
4A,Thudiyalur - Podanur,18.0,55,98,43,7,2026-02-05,Thursday,True,1.73,0.7818181818181817,High
4A,Thudiyalur - Podanur,18.0,55,98,43,9,2026-02-05,Thursday,True,1.72,0.7818181818181817,High
4A,Thudiyalur - Podanur,18.0,55,58,3,12,2026-02-05,Thursday,False,1.15,0.05454545454545445,Low
4A,Thudiyalur - Podanur,18.0,55,74,19,17,2026-02-05,Thursday,True,1.32,0.34545454545454546,High
4A,Thudiyalur - Podanur,18.0,55,103,48,19,2026-02-05,Thursday,True,1.76,0.8727272727272728,High
2A,Perur - Polytechnic,16.0,50,79,29,7,2026-02-05,Thursday,True,1.54,0.5800000000000001,High
2A,Perur - Polytechnic,16.0,50,69,19,9,2026-02-05,Thursday,True,1.36,0.3799999999999999,High
2A,Perur - Polytechnic,16.0,50,50,0,12,2026-02-05,Thursday,False,1.09,0.0,Low
2A,Perur - Polytechnic,16.0,50,66,16,17,2026-02-05,Thursday,True,1.4,0.32000000000000006,High
2A,Perur - Polytechnic,16.0,50,79,29,19,2026-02-05,Thursday,True,1.59,0.5800000000000001,High
33A,Gandhipuram - Mettupalayam,34.0,75,104,29,7,2026-02-06,Friday,True,1.43,0.3866666666666667,High
33A,Gandhipuram - Mettupalayam,34.0,75,119,44,9,2026-02-06,Friday,True,1.53,0.5866666666666667,High
33A,Gandhipuram - Mettupalayam,34.0,75,74,0,12,2026-02-06,Friday,False,1.0,-0.013333333333333308,Low
33A,Gandhipuram - Mettupalayam,34.0,75,112,37,17,2026-02-06,Friday,True,1.54,0.4933333333333334,High
33A,Gandhipuram - Mettupalayam,34.0,75,125,50,19,2026-02-06,Friday,True,1.6,0.6666666666666667,High
32,Gandhipuram - Thudiyalur,10.0,30,46,16,7,2026-02-06,Friday,True,1.73,0.5333333333333334,High
32,Gandhipuram - Thudiyalur,10.0,30,50,20,9,2026-02-06,Friday,True,1.69,0.6666666666666667,High
32,Gandhipuram - Thudiyalur,10.0,30,27,0,12,2026-02-06,Friday,False,1.02,-0.09999999999999998,Low
32,Gandhipuram - Thudiyalur,10.0,30,54,24,17,2026-02-06,Friday,True,1.42,0.8,High
32,Gandhipuram - Thudiyalur,10.0,30,49,19,19,2026-02-06,Friday,True,1.65,0.6333333333333333,High
111,Thudiyalur - Gandhipuram,10.0,30,43,13,7,2026-02-06,Friday,True,1.58,0.43333333333333335,Moderate
111,Thudiyalur - Gandhipuram,10.0,30,44,14,9,2026-02-06,Friday,True,1.48,0.46666666666666656,Moderate
111,Thudiyalur - Gandhipuram,10.0,30,29,0,12,2026-02-06,Friday,False,1.01,-0.033333333333333326,Low
111,Thudiyalur - Gandhipuram,10.0,30,37,7,17,2026-02-06,Friday,True,1.37,0.2333333333333334,Moderate
111,Thudiyalur - Gandhipuram,10.0,30,52,22,19,2026-02-06,Friday,True,1.58,0.7333333333333334,High
70,Gandhipuram - Maruthamalai,15.0,45,66,21,7,2026-02-06,Friday,True,1.4,0.46666666666666656,High
70,Gandhipuram - Maruthamalai,15.0,45,63,18,9,2026-02-06,Friday,True,1.38,0.3999999999999999,High
70,Gandhipuram - Maruthamalai,15.0,45,47,2,12,2026-02-06,Friday,False,1.14,0.04444444444444451,Low
70,Gandhipuram - Maruthamalai,15.0,45,68,23,17,2026-02-06,Friday,True,1.32,0.5111111111111111,High
70,Gandhipuram - Maruthamalai,15.0,45,79,34,19,2026-02-06,Friday,True,1.74,0.7555555555555555,High
4A,Thudiyalur - Podanur,18.0,55,88,33,7,2026-02-06,Friday,True,1.66,0.6000000000000001,High
4A,Thudiyalur - Podanur,18.0,55,99,44,9,2026-02-06,Friday,True,1.71,0.8,High
4A,Thudiyalur - Podanur,18.0,55,56,1,12,2026-02-06,Friday,False,1.02,0.018181818181818077,Low
4A,Thudiyalur - Podanur,18.0,55,98,43,17,2026-02-06,Friday,True,1.71,0.7818181818181817,High
4A,Thudiyalur - Podanur,18.0,55,85,30,19,2026-02-06,Friday,True,1.53,0.5454545454545454,High
2A,Perur - Polytechnic,16.0,50,94,44,7,2026-02-06,Friday,True,1.67,0.8799999999999999,High
2A,Perur - Polytechnic,16.0,50,61,11,9,2026-02-06,Friday,True,1.34,0.21999999999999997,Moderate
2A,Perur - Polytechnic,16.0,50,55,5,12,2026-02-06,Friday,False,1.16,0.10000000000000009,Low
2A,Perur - Polytechnic,16.0,50,96,46,17,2026-02-06,Friday,True,1.63,0.9199999999999999,High
2A,Perur - Polytechnic,16.0,50,82,32,19,2026-02-06,Friday,True,1.66,0.6399999999999999,High
33A,Gandhipuram - Mettupalayam,34.0,75,70,0,7,2026-02-07,Saturday,False,0.95,-0.06666666666666665,Low
33A,Gandhipuram - Mettupalayam,34.0,75,80,5,9,2026-02-07,Saturday,False,1.04,0.06666666666666665,Low
33A,Gandhipuram - Mettupalayam,34.0,75,74,0,12,2026-02-07,Saturday,False,0.91,-0.013333333333333308,Low
33A,Gandhipuram - Mettupalayam,34.0,75,77,2,17,2026-02-07,Saturday,False,1.05,0.026666666666666616,Low
33A,Gandhipuram - Mettupalayam,34.0,75,70,0,19,2026-02-07,Saturday,False,1.05,-0.06666666666666665,Low
32,Gandhipuram - Thudiyalur,10.0,30,25,0,7,2026-02-07,Saturday,False,0.97,-0.16666666666666663,Low
32,Gandhipuram - Thudiyalur,10.0,30,25,0,9,2026-02-07,Saturday,False,1.1,-0.16666666666666663,Low
32,Gandhipuram - Thudiyalur,10.0,30,41,11,12,2026-02-07,Saturday,False,1.05,0.3666666666666667,Moderate
32,Gandhipuram - Thudiyalur,10.0,30,25,0,17,2026-02-07,Saturday,False,1.0,-0.16666666666666663,Low
32,Gandhipuram - Thudiyalur,10.0,30,27,0,19,2026-02-07,Saturday,False,1.02,-0.09999999999999998,Low
111,Thudiyalur - Gandhipuram,10.0,30,35,5,7,2026-02-07,Saturday,False,1.08,0.16666666666666674,Low
111,Thudiyalur - Gandhipuram,10.0,30,25,0,9,2026-02-07,Saturday,False,1.03,-0.16666666666666663,Low
111,Thudiyalur - Gandhipuram,10.0,30,33,3,12,2026-02-07,Saturday,False,1.05,0.10000000000000009,Low
111,Thudiyalur - Gandhipuram,10.0,30,29,0,17,2026-02-07,Saturday,False,1.08,-0.033333333333333326,Low
111,Thudiyalur - Gandhipuram,10.0,30,29,0,19,2026-02-07,Saturday,False,0.94,-0.033333333333333326,Low
70,Gandhipuram - Maruthamalai,15.0,45,43,0,7,2026-02-07,Saturday,False,1.0,-0.0444444444444444,Low
70,Gandhipuram - Maruthamalai,15.0,45,41,0,9,2026-02-07,Saturday,False,0.95,-0.0888888888888889,Low
70,Gandhipuram - Maruthamalai,15.0,45,50,5,12,2026-02-07,Saturday,False,1.0,0.11111111111111116,Low
70,Gandhipuram - Maruthamalai,15.0,45,40,0,17,2026-02-07,Saturday,False,0.97,-0.11111111111111116,Low
70,Gandhipuram - Maruthamalai,15.0,45,45,0,19,2026-02-07,Saturday,False,0.98,0.0,Low
4A,Thudiyalur - Podanur,18.0,55,64,9,7,2026-02-07,Saturday,False,1.09,0.16363636363636358,Moderate
4A,Thudiyalur - Podanur,18.0,55,50,0,9,2026-02-07,Saturday,False,0.97,-0.09090909090909094,Low
4A,Thudiyalur - Podanur,18.0,55,50,0,12,2026-02-07,Saturday,False,1.05,-0.09090909090909094,Low
4A,Thudiyalur - Podanur,18.0,55,50,0,17,2026-02-07,Saturday,False,0.91,-0.09090909090909094,Low
4A,Thudiyalur - Podanur,18.0,55,50,0,19,2026-02-07,Saturday,False,0.93,-0.09090909090909094,Low
2A,Perur - Polytechnic,16.0,50,54,4,7,2026-02-07,Saturday,False,1.07,0.08000000000000007,Low
2A,Perur - Polytechnic,16.0,50,52,2,9,2026-02-07,Saturday,False,0.99,0.040000000000000036,Low
2A,Perur - Polytechnic,16.0,50,45,0,12,2026-02-07,Saturday,False,1.04,-0.09999999999999998,Low
2A,Perur - Polytechnic,16.0,50,50,0,17,2026-02-07,Saturday,False,0.93,0.0,Low
2A,Perur - Polytechnic,16.0,50,55,5,19,2026-02-07,Saturday,False,0.99,0.10000000000000009,Low
33A,Gandhipuram - Mettupalayam,34.0,75,81,6,7,2026-02-08,Sunday,False,1.07,0.08000000000000007,Moderate
33A,Gandhipuram - Mettupalayam,34.0,75,87,12,9,2026-02-08,Sunday,False,1.07,0.15999999999999992,Moderate
33A,Gandhipuram - Mettupalayam,34.0,75,70,0,12,2026-02-08,Sunday,False,0.94,-0.06666666666666665,Low
33A,Gandhipuram - Mettupalayam,34.0,75,70,0,17,2026-02-08,Sunday,False,0.91,-0.06666666666666665,Low
33A,Gandhipuram - Mettupalayam,34.0,75,74,0,19,2026-02-08,Sunday,False,1.01,-0.013333333333333308,Low
32,Gandhipuram - Thudiyalur,10.0,30,27,0,7,2026-02-08,Sunday,False,1.09,-0.09999999999999998,Low
32,Gandhipuram - Thudiyalur,10.0,30,25,0,9,2026-02-08,Sunday,False,0.96,-0.16666666666666663,Low
32,Gandhipuram - Thudiyalur,10.0,30,27,0,12,2026-02-08,Sunday,False,0.93,-0.09999999999999998,Low
32,Gandhipuram - Thudiyalur,10.0,30,33,3,17,2026-02-08,Sunday,False,1.1,0.10000000000000009,Low
32,Gandhipuram - Thudiyalur,10.0,30,34,4,19,2026-02-08,Sunday,False,1.07,0.1333333333333333,Low
111,Thudiyalur - Gandhipuram,10.0,30,25,0,7,2026-02-08,Sunday,False,0.99,-0.16666666666666663,Low
111,Thudiyalur - Gandhipuram,10.0,30,45,15,9,2026-02-08,Sunday,False,1.03,0.5,Moderate
111,Thudiyalur - Gandhipuram,10.0,30,25,0,12,2026-02-08,Sunday,False,0.93,-0.16666666666666663,Low
111,Thudiyalur - Gandhipuram,10.0,30,34,4,17,2026-02-08,Sunday,False,1.03,0.1333333333333333,Low
111,Thudiyalur - Gandhipuram,10.0,30,34,4,19,2026-02-08,Sunday,False,1.09,0.1333333333333333,Low
70,Gandhipuram - Maruthamalai,15.0,45,41,0,7,2026-02-08,Sunday,False,0.99,-0.0888888888888889,Low
70,Gandhipuram - Maruthamalai,15.0,45,51,6,9,2026-02-08,Sunday,False,1.07,0.1333333333333333,Moderate
70,Gandhipuram - Maruthamalai,15.0,45,43,0,12,2026-02-08,Sunday,False,1.07,-0.0444444444444444,Low
70,Gandhipuram - Maruthamalai,15.0,45,48,3,17,2026-02-08,Sunday,False,1.09,0.06666666666666665,Low
70,Gandhipuram - Maruthamalai,15.0,45,56,11,19,2026-02-08,Sunday,False,1.02,0.24444444444444446,Moderate
4A,Thudiyalur - Podanur,18.0,55,56,1,7,2026-02-08,Sunday,False,1.07,0.018181818181818077,Low
4A,Thudiyalur - Podanur,18.0,55,60,5,9,2026-02-08,Sunday,False,1.09,0.09090909090909083,Low
4A,Thudiyalur - Podanur,18.0,55,51,0,12,2026-02-08,Sunday,False,1.04,-0.07272727272727275,Low
4A,Thudiyalur - Podanur,18.0,55,60,5,17,2026-02-08,Sunday,False,1.03,0.09090909090909083,Low
4A,Thudiyalur - Podanur,18.0,55,50,0,19,2026-02-08,Sunday,False,0.98,-0.09090909090909094,Low
2A,Perur - Polytechnic,16.0,50,53,3,7,2026-02-08,Sunday,False,1.03,0.06000000000000005,Low
2A,Perur - Polytechnic,16.0,50,60,10,9,2026-02-08,Sunday,False,1.1,0.19999999999999996,Moderate
2A,Perur - Polytechnic,16.0,50,51,1,12,2026-02-08,Sunday,False,1.06,0.020000000000000018,Low
2A,Perur - Polytechnic,16.0,50,53,3,17,2026-02-08,Sunday,False,1.01,0.06000000000000005,Low
2A,Perur - Polytechnic,16.0,50,50,0,19,2026-02-08,Sunday,False,0.98,0.0,Low
33A,Gandhipuram - Mettupalayam,34.0,75,114,39,7,2026-02-09,Monday,True,1.46,0.52,High
33A,Gandhipuram - Mettupalayam,34.0,75,128,53,9,2026-02-09,Monday,True,1.68,0.7066666666666668,High
33A,Gandhipuram - Mettupalayam,34.0,75,93,18,12,2026-02-09,Monday,False,1.16,0.24,High
33A,Gandhipuram - Mettupalayam,34.0,75,100,25,17,2026-02-09,Monday,True,1.36,0.33333333333333326,High
33A,Gandhipuram - Mettupalayam,34.0,75,111,36,19,2026-02-09,Monday,True,1.57,0.48,High
32,Gandhipuram - Thudiyalur,10.0,30,41,11,7,2026-02-09,Monday,True,1.65,0.3666666666666667,Moderate
32,Gandhipuram - Thudiyalur,10.0,30,37,7,9,2026-02-09,Monday,True,1.49,0.2333333333333334,Moderate
32,Gandhipuram - Thudiyalur,10.0,30,30,0,12,2026-02-09,Monday,False,1.07,0.0,Low
32,Gandhipuram - Thudiyalur,10.0,30,43,13,17,2026-02-09,Monday,True,1.41,0.43333333333333335,Moderate
32,Gandhipuram - Thudiyalur,10.0,30,45,15,19,2026-02-09,Monday,True,1.63,0.5,Moderate
111,Thudiyalur - Gandhipuram,10.0,30,37,7,7,2026-02-09,Monday,True,1.61,0.2333333333333334,Moderate
111,Thudiyalur - Gandhipuram,10.0,30,48,18,9,2026-02-09,Monday,True,1.73,0.6000000000000001,High
111,Thudiyalur - Gandhipuram,10.0,30,30,0,12,2026-02-09,Monday,False,1.1,0.0,Low
111,Thudiyalur - Gandhipuram,10.0,30,44,14,17,2026-02-09,Monday,True,1.47,0.46666666666666656,Moderate
111,Thudiyalur - Gandhipuram,10.0,30,51,21,19,2026-02-09,Monday,True,1.49,0.7,High
70,Gandhipuram - Maruthamalai,15.0,45,61,16,7,2026-02-09,Monday,True,1.57,0.3555555555555556,High
70,Gandhipuram - Maruthamalai,15.0,45,75,30,9,2026-02-09,Monday,True,1.6,0.6666666666666667,High
70,Gandhipuram - Maruthamalai,15.0,45,54,9,12,2026-02-09,Monday,False,1.14,0.19999999999999996,Moderate
70,Gandhipuram - Maruthamalai,15.0,45,78,33,17,2026-02-09,Monday,True,1.78,0.7333333333333334,High
70,Gandhipuram - Maruthamalai,15.0,45,81,36,19,2026-02-09,Monday,True,1.76,0.8,High
4A,Thudiyalur - Podanur,18.0,55,72,17,7,2026-02-09,Monday,True,1.33,0.3090909090909091,High
4A,Thudiyalur - Podanur,18.0,55,77,22,9,2026-02-09,Monday,True,1.35,0.3999999999999999,High
4A,Thudiyalur - Podanur,18.0,55,55,0,12,2026-02-09,Monday,False,1.1,0.0,Low
4A,Thudiyalur - Podanur,18.0,55,75,20,17,2026-02-09,Monday,True,1.45,0.36363636363636354,High
4A,Thudiyalur - Podanur,18.0,55,84,29,19,2026-02-09,Monday,True,1.7,0.5272727272727273,High
2A,Perur - Polytechnic,16.0,50,82,32,7,2026-02-09,Monday,True,1.61,0.6399999999999999,High
2A,Perur - Polytechnic,16.0,50,79,29,9,2026-02-09,Monday,True,1.66,0.5800000000000001,High
2A,Perur - Polytechnic,16.0,50,45,0,12,2026-02-09,Monday,False,1.02,-0.09999999999999998,Low
2A,Perur - Polytechnic,16.0,50,64,14,17,2026-02-09,Monday,True,1.39,0.28,Moderate
2A,Perur - Polytechnic,16.0,50,80,30,19,2026-02-09,Monday,True,1.56,0.6000000000000001,High
33A,Gandhipuram - Mettupalayam,34.0,75,124,49,7,2026-02-10,Tuesday,True,1.65,0.6533333333333333,High
33A,Gandhipuram - Mettupalayam,34.0,75,102,27,9,2026-02-10,Tuesday,True,1.43,0.3600000000000001,High
33A,Gandhipuram - Mettupalayam,34.0,75,96,21,12,2026-02-10,Tuesday,False,1.19,0.28,High
33A,Gandhipuram - Mettupalayam,34.0,75,117,42,17,2026-02-10,Tuesday,True,1.58,0.56,High
33A,Gandhipuram - Mettupalayam,34.0,75,101,26,19,2026-02-10,Tuesday,True,1.32,0.3466666666666667,High
32,Gandhipuram - Thudiyalur,10.0,30,48,18,7,2026-02-10,Tuesday,True,1.6,0.6000000000000001,High
32,Gandhipuram - Thudiyalur,10.0,30,49,19,9,2026-02-10,Tuesday,True,1.71,0.6333333333333333,High
32,Gandhipuram - Thudiyalur,10.0,30,33,3,12,2026-02-10,Tuesday,False,1.04,0.10000000000000009,Low
32,Gandhipuram - Thudiyalur,10.0,30,53,23,17,2026-02-10,Tuesday,True,1.61,0.7666666666666666,High
32,Gandhipuram - Thudiyalur,10.0,30,50,20,19,2026-02-10,Tuesday,True,1.75,0.6666666666666667,High
111,Thudiyalur - Gandhipuram,10.0,30,48,18,7,2026-02-10,Tuesday,True,1.48,0.6000000000000001,High
111,Thudiyalur - Gandhipuram,10.0,30,39,9,9,2026-02-10,Tuesday,True,1.44,0.30000000000000004,Moderate
111,Thudiyalur - Gandhipuram,10.0,30,44,14,12,2026-02-10,Tuesday,False,1.16,0.46666666666666656,Moderate
111,Thudiyalur - Gandhipuram,10.0,30,36,6,17,2026-02-10,Tuesday,True,1.35,0.19999999999999996,Moderate
111,Thudiyalur - Gandhipuram,10.0,30,59,29,19,2026-02-10,Tuesday,True,1.61,0.9666666666666666,High
70,Gandhipuram - Maruthamalai,15.0,45,56,11,7,2026-02-10,Tuesday,True,1.38,0.24444444444444446,Moderate
70,Gandhipuram - Maruthamalai,15.0,45,73,28,9,2026-02-10,Tuesday,True,1.67,0.6222222222222222,High
70,Gandhipuram - Maruthamalai,15.0,45,48,3,12,2026-02-10,Tuesday,False,1.02,0.06666666666666665,Low
70,Gandhipuram - Maruthamalai,15.0,45,65,20,17,2026-02-10,Tuesday,True,1.31,0.4444444444444444,High
70,Gandhipuram - Maruthamalai,15.0,45,78,33,19,2026-02-10,Tuesday,True,1.57,0.7333333333333334,High
4A,Thudiyalur - Podanur,18.0,55,85,30,7,2026-02-10,Tuesday,True,1.42,0.5454545454545454,High
4A,Thudiyalur - Podanur,18.0,55,76,21,9,2026-02-10,Tuesday,True,1.55,0.38181818181818183,High
4A,Thudiyalur - Podanur,18.0,55,67,12,12,2026-02-10,Tuesday,False,1.2,0.21818181818181825,Moderate
4A,Thudiyalur - Podanur,18.0,55,78,23,17,2026-02-10,Tuesday,True,1.5,0.4181818181818182,High
4A,Thudiyalur - Podanur,18.0,55,88,33,19,2026-02-10,Tuesday,True,1.51,0.6000000000000001,High
2A,Perur - Polytechnic,16.0,50,95,45,7,2026-02-10,Tuesday,True,1.8,0.8999999999999999,High
2A,Perur - Polytechnic,16.0,50,69,19,9,2026-02-10,Tuesday,True,1.36,0.3799999999999999,High
2A,Perur - Polytechnic,16.0,50,53,3,12,2026-02-10,Tuesday,False,1.12,0.06000000000000005,Low
2A,Perur - Polytechnic,16.0,50,66,16,17,2026-02-10,Tuesday,True,1.44,0.32000000000000006,High
2A,Perur - Polytechnic,16.0,50,70,20,19,2026-02-10,Tuesday,True,1.48,0.3999999999999999,High
33A,Gandhipuram - Mettupalayam,34.0,75,96,21,7,2026-02-11,Wednesday,True,1.33,0.28,High
33A,Gandhipuram - Mettupalayam,34.0,75,127,52,9,2026-02-11,Wednesday,True,1.7,0.6933333333333334,High
33A,Gandhipuram - Mettupalayam,34.0,75,83,8,12,2026-02-11,Wednesday,False,1.05,0.10666666666666669,Moderate
33A,Gandhipuram - Mettupalayam,34.0,75,122,47,17,2026-02-11,Wednesday,True,1.63,0.6266666666666667,High
33A,Gandhipuram - Mettupalayam,34.0,75,111,36,19,2026-02-11,Wednesday,True,1.57,0.48,High
32,Gandhipuram - Thudiyalur,10.0,30,42,12,7,2026-02-11,Wednesday,True,1.63,0.3999999999999999,Moderate
32,Gandhipuram - Thudiyalur,10.0,30,57,27,9,2026-02-11,Wednesday,True,1.8,0.8999999999999999,High
32,Gandhipuram - Thudiyalur,10.0,30,44,14,12,2026-02-11,Wednesday,False,1.15,0.46666666666666656,Moderate
32,Gandhipuram - Thudiyalur,10.0,30,46,16,17,2026-02-11,Wednesday,True,1.53,0.5333333333333334,High
32,Gandhipuram - Thudiyalur,10.0,30,49,19,19,2026-02-11,Wednesday,True,1.78,0.6333333333333333,High
111,Thudiyalur - Gandhipuram,10.0,30,36,6,7,2026-02-11,Wednesday,True,1.39,0.19999999999999996,Moderate
111,Thudiyalur - Gandhipuram,10.0,30,50,20,9,2026-02-11,Wednesday,True,1.57,0.6666666666666667,High
111,Thudiyalur - Gandhipuram,10.0,30,38,8,12,2026-02-11,Wednesday,False,1.02,0.2666666666666666,Moderate
111,Thudiyalur - Gandhipuram,10.0,30,42,12,17,2026-02-11,Wednesday,True,1.47,0.3999999999999999,Moderate
111,Thudiyalur - Gandhipuram,10.0,30,46,16,19,2026-02-11,Wednesday,True,1.63,0.5333333333333334,High
70,Gandhipuram - Maruthamalai,15.0,45,54,9,7,2026-02-11,Wednesday,True,1.38,0.19999999999999996,Moderate
70,Gandhipuram - Maruthamalai,15.0,45,81,36,9,2026-02-11,Wednesday,True,1.8,0.8,High
70,Gandhipuram - Maruthamalai,15.0,45,56,11,12,2026-02-11,Wednesday,False,1.17,0.24444444444444446,Moderate
70,Gandhipuram - Maruthamalai,15.0,45,66,21,17,2026-02-11,Wednesday,True,1.56,0.46666666666666656,High
70,Gandhipuram - Maruthamalai,15.0,45,76,31,19,2026-02-11,Wednesday,True,1.68,0.6888888888888889,High
4A,Thudiyalur - Podanur,18.0,55,77,22,7,2026-02-11,Wednesday,True,1.36,0.3999999999999999,High
4A,Thudiyalur - Podanur,18.0,55,93,38,9,2026-02-11,Wednesday,True,1.65,0.6909090909090909,High
4A,Thudiyalur - Podanur,18.0,55,50,0,12,2026-02-11,Wednesday,False,1.01,-0.09090909090909094,Low
4A,Thudiyalur - Podanur,18.0,55,76,21,17,2026-02-11,Wednesday,True,1.48,0.38181818181818183,High
4A,Thudiyalur - Podanur,18.0,55,74,19,19,2026-02-11,Wednesday,True,1.34,0.34545454545454546,High
2A,Perur - Polytechnic,16.0,50,76,26,7,2026-02-11,Wednesday,True,1.45,0.52,High
2A,Perur - Polytechnic,16.0,50,85,35,9,2026-02-11,Wednesday,True,1.5,0.7,High
2A,Perur - Polytechnic,16.0,50,49,0,12,2026-02-11,Wednesday,False,1.1,-0.020000000000000018,Low
2A,Perur - Polytechnic,16.0,50,89,39,17,2026-02-11,Wednesday,True,1.76,0.78,High
2A,Perur - Polytechnic,16.0,50,86,36,19,2026-02-11,Wednesday,True,1.73,0.72,High
33A,Gandhipuram - Mettupalayam,34.0,75,103,28,7,2026-02-12,Thursday,True,1.4,0.3733333333333333,High
33A,Gandhipuram - Mettupalayam,34.0,75,136,61,9,2026-02-12,Thursday,True,1.74,0.8133333333333332,High
33A,Gandhipuram - Mettupalayam,34.0,75,90,15,12,2026-02-12,Thursday,False,1.17,0.19999999999999996,Moderate
33A,Gandhipuram - Mettupalayam,34.0,75,111,36,17,2026-02-12,Thursday,True,1.45,0.48,High
33A,Gandhipuram - Mettupalayam,34.0,75,94,19,19,2026-02-12,Thursday,True,1.34,0.2533333333333334,High
32,Gandhipuram - Thudiyalur,10.0,30,47,17,7,2026-02-12,Thursday,True,1.65,0.5666666666666667,High
32,Gandhipuram - Thudiyalur,10.0,30,44,14,9,2026-02-12,Thursday,True,1.47,0.46666666666666656,Moderate
32,Gandhipuram - Thudiyalur,10.0,30,35,5,12,2026-02-12,Thursday,False,1.16,0.16666666666666674,Low
32,Gandhipuram - Thudiyalur,10.0,30,53,23,17,2026-02-12,Thursday,True,1.37,0.7666666666666666,High
32,Gandhipuram - Thudiyalur,10.0,30,48,18,19,2026-02-12,Thursday,True,1.68,0.6000000000000001,High
111,Thudiyalur - Gandhipuram,10.0,30,28,0,7,2026-02-12,Thursday,True,1.39,-0.06666666666666665,Low
111,Thudiyalur - Gandhipuram,10.0,30,41,11,9,2026-02-12,Thursday,True,1.37,0.3666666666666667,Moderate
111,Thudiyalur - Gandhipuram,10.0,30,34,4,12,2026-02-12,Thursday,False,1.07,0.1333333333333333,Low
111,Thudiyalur - Gandhipuram,10.0,30,45,15,17,2026-02-12,Thursday,True,1.52,0.5,Moderate
111,Thudiyalur - Gandhipuram,10.0,30,29,0,19,2026-02-12,Thursday,True,1.46,-0.033333333333333326,Low
70,Gandhipuram - Maruthamalai,15.0,45,62,17,7,2026-02-12,Thursday,True,1.35,0.37777777777777777,High
70,Gandhipuram - Maruthamalai,15.0,45,75,30,9,2026-02-12,Thursday,True,1.62,0.6666666666666667,High
70,Gandhipuram - Maruthamalai,15.0,45,44,0,12,2026-02-12,Thursday,False,1.13,-0.022222222222222254,Low
70,Gandhipuram - Maruthamalai,15.0,45,58,13,17,2026-02-12,Thursday,True,1.38,0.288888888888889,Moderate
70,Gandhipuram - Maruthamalai,15.0,45,80,35,19,2026-02-12,Thursday,True,1.8,0.7777777777777777,High
4A,Thudiyalur - Podanur,18.0,55,70,15,7,2026-02-12,Thursday,True,1.33,0.2727272727272727,Moderate
4A,Thudiyalur - Podanur,18.0,55,72,17,9,2026-02-12,Thursday,True,1.36,0.3090909090909091,High
4A,Thudiyalur - Podanur,18.0,55,59,4,12,2026-02-12,Thursday,False,1.06,0.07272727272727275,Low
4A,Thudiyalur - Podanur,18.0,55,70,15,17,2026-02-12,Thursday,True,1.33,0.2727272727272727,Moderate
4A,Thudiyalur - Podanur,18.0,55,77,22,19,2026-02-12,Thursday,True,1.55,0.3999999999999999,High
2A,Perur - Polytechnic,16.0,50,85,35,7,2026-02-12,Thursday,True,1.61,0.7,High
2A,Perur - Polytechnic,16.0,50,72,22,9,2026-02-12,Thursday,True,1.56,0.43999999999999995,High
2A,Perur - Polytechnic,16.0,50,57,7,12,2026-02-12,Thursday,False,1.18,0.1399999999999999,Moderate
2A,Perur - Polytechnic,16.0,50,73,23,17,2026-02-12,Thursday,True,1.52,0.45999999999999996,High
2A,Perur - Polytechnic,16.0,50,69,19,19,2026-02-12,Thursday,True,1.51,0.3799999999999999,High
33A,Gandhipuram - Mettupalayam,34.0,75,132,57,7,2026-02-13,Friday,True,1.71,0.76,High
33A,Gandhipuram - Mettupalayam,34.0,75,101,26,9,2026-02-13,Friday,True,1.31,0.3466666666666667,High
33A,Gandhipuram - Mettupalayam,34.0,75,79,4,12,2026-02-13,Friday,False,1.08,0.05333333333333323,Low
33A,Gandhipuram - Mettupalayam,34.0,75,107,32,17,2026-02-13,Friday,True,1.43,0.42666666666666675,High
33A,Gandhipuram - Mettupalayam,34.0,75,126,51,19,2026-02-13,Friday,True,1.68,0.6799999999999999,High
32,Gandhipuram - Thudiyalur,10.0,30,36,6,7,2026-02-13,Friday,True,1.41,0.19999999999999996,Moderate
32,Gandhipuram - Thudiyalur,10.0,30,34,4,9,2026-02-13,Friday,True,1.31,0.1333333333333333,Low
32,Gandhipuram - Thudiyalur,10.0,30,33,3,12,2026-02-13,Friday,False,1.11,0.10000000000000009,Low
32,Gandhipuram - Thudiyalur,10.0,30,39,9,17,2026-02-13,Friday,True,1.53,0.30000000000000004,Moderate
32,Gandhipuram - Thudiyalur,10.0,30,43,13,19,2026-02-13,Friday,True,1.46,0.43333333333333335,Moderate
111,Thudiyalur - Gandhipuram,10.0,30,38,8,7,2026-02-13,Friday,True,1.67,0.2666666666666666,Moderate
111,Thudiyalur - Gandhipuram,10.0,30,42,12,9,2026-02-13,Friday,True,1.5,0.3999999999999999,Moderate
111,Thudiyalur - Gandhipuram,10.0,30,34,4,12,2026-02-13,Friday,False,1.09,0.1333333333333333,Low
111,Thudiyalur - Gandhipuram,10.0,30,54,24,17,2026-02-13,Friday,True,1.78,0.8,High
111,Thudiyalur - Gandhipuram,10.0,30,56,26,19,2026-02-13,Friday,True,1.69,0.8666666666666667,High
70,Gandhipuram - Maruthamalai,15.0,45,62,17,7,2026-02-13,Friday,True,1.52,0.37777777777777777,High
70,Gandhipuram - Maruthamalai,15.0,45,63,18,9,2026-02-13,Friday,True,1.43,0.3999999999999999,High
70,Gandhipuram - Maruthamalai,15.0,45,55,10,12,2026-02-13,Friday,False,1.13,0.22222222222222232,Moderate
70,Gandhipuram - Maruthamalai,15.0,45,74,29,17,2026-02-13,Friday,True,1.63,0.6444444444444444,High
70,Gandhipuram - Maruthamalai,15.0,45,76,31,19,2026-02-13,Friday,True,1.61,0.6888888888888889,High
4A,Thudiyalur - Podanur,18.0,55,67,12,7,2026-02-13,Friday,True,1.33,0.21818181818181825,Moderate
4A,Thudiyalur - Podanur,18.0,55,92,37,9,2026-02-13,Friday,True,1.67,0.6727272727272726,High
4A,Thudiyalur - Podanur,18.0,55,59,4,12,2026-02-13,Friday,False,1.1,0.07272727272727275,Low
4A,Thudiyalur - Podanur,18.0,55,74,19,17,2026-02-13,Friday,True,1.34,0.34545454545454546,High
4A,Thudiyalur - Podanur,18.0,55,87,32,19,2026-02-13,Friday,True,1.66,0.5818181818181818,High
2A,Perur - Polytechnic,16.0,50,78,28,7,2026-02-13,Friday,True,1.45,0.56,High
2A,Perur - Polytechnic,16.0,50,77,27,9,2026-02-13,Friday,True,1.47,0.54,High
2A,Perur - Polytechnic,16.0,50,57,7,12,2026-02-13,Friday,False,1.04,0.1399999999999999,Moderate
2A,Perur - Polytechnic,16.0,50,70,20,17,2026-02-13,Friday,True,1.39,0.3999999999999999,High
2A,Perur - Polytechnic,16.0,50,80,30,19,2026-02-13,Friday,True,1.68,0.6000000000000001,High
33A,Gandhipuram - Mettupalayam,34.0,75,74,0,7,2026-02-14,Saturday,False,0.95,-0.013333333333333308,Low
33A,Gandhipuram - Mettupalayam,34.0,75,79,4,9,2026-02-14,Saturday,False,0.98,0.05333333333333323,Low
33A,Gandhipuram - Mettupalayam,34.0,75,71,0,12,2026-02-14,Saturday,False,0.94,-0.053333333333333344,Low
33A,Gandhipuram - Mettupalayam,34.0,75,74,0,17,2026-02-14,Saturday,False,1.05,-0.013333333333333308,Low
33A,Gandhipuram - Mettupalayam,34.0,75,74,0,19,2026-02-14,Saturday,False,1.03,-0.013333333333333308,Low
32,Gandhipuram - Thudiyalur,10.0,30,33,3,7,2026-02-14,Saturday,False,1.09,0.10000000000000009,Low
32,Gandhipuram - Thudiyalur,10.0,30,39,9,9,2026-02-14,Saturday,False,1.06,0.30000000000000004,Moderate
32,Gandhipuram - Thudiyalur,10.0,30,40,10,12,2026-02-14,Saturday,False,1.05,0.33333333333333326,Moderate
32,Gandhipuram - Thudiyalur,10.0,30,27,0,17,2026-02-14,Saturday,False,1.06,-0.09999999999999998,Low
32,Gandhipuram - Thudiyalur,10.0,30,30,0,19,2026-02-14,Saturday,False,0.97,0.0,Low
111,Thudiyalur - Gandhipuram,10.0,30,29,0,7,2026-02-14,Saturday,False,1.09,-0.033333333333333326,Low
111,Thudiyalur - Gandhipuram,10.0,30,25,0,9,2026-02-14,Saturday,False,0.99,-0.16666666666666663,Low
111,Thudiyalur - Gandhipuram,10.0,30,32,2,12,2026-02-14,Saturday,False,0.99,0.06666666666666665,Low
111,Thudiyalur - Gandhipuram,10.0,30,29,0,17,2026-02-14,Saturday,False,0.95,-0.033333333333333326,Low
111,Thudiyalur - Gandhipuram,10.0,30,28,0,19,2026-02-14,Saturday,False,0.92,-0.06666666666666665,Low
70,Gandhipuram - Maruthamalai,15.0,45,45,0,7,2026-02-14,Saturday,False,1.03,0.0,Low
70,Gandhipuram - Maruthamalai,15.0,45,44,0,9,2026-02-14,Saturday,False,0.96,-0.022222222222222254,Low
70,Gandhipuram - Maruthamalai,15.0,45,49,4,12,2026-02-14,Saturday,False,1.07,0.0888888888888888,Low
70,Gandhipuram - Maruthamalai,15.0,45,52,7,17,2026-02-14,Saturday,False,1.08,0.15555555555555545,Moderate
70,Gandhipuram - Maruthamalai,15.0,45,40,0,19,2026-02-14,Saturday,False,0.99,-0.11111111111111116,Low
4A,Thudiyalur - Podanur,18.0,55,63,8,7,2026-02-14,Saturday,False,1.07,0.1454545454545455,Moderate
4A,Thudiyalur - Podanur,18.0,55,60,5,9,2026-02-14,Saturday,False,1.03,0.09090909090909083,Low
4A,Thudiyalur - Podanur,18.0,55,53,0,12,2026-02-14,Saturday,False,0.94,-0.036363636363636376,Low
4A,Thudiyalur - Podanur,18.0,55,59,4,17,2026-02-14,Saturday,False,1.09,0.07272727272727275,Low
4A,Thudiyalur - Podanur,18.0,55,50,0,19,2026-02-14,Saturday,False,0.91,-0.09090909090909094,Low
2A,Perur - Polytechnic,16.0,50,51,1,7,2026-02-14,Saturday,False,1.05,0.020000000000000018,Low
2A,Perur - Polytechnic,16.0,50,53,3,9,2026-02-14,Saturday,False,1.06,0.06000000000000005,Low
2A,Perur - Polytechnic,16.0,50,45,0,12,2026-02-14,Saturday,False,1.07,-0.09999999999999998,Low
2A,Perur - Polytechnic,16.0,50,63,13,17,2026-02-14,Saturday,False,1.05,0.26,Moderate
2A,Perur - Polytechnic,16.0,50,55,5,19,2026-02-14,Saturday,False,1.0,0.10000000000000009,Low
33A,Gandhipuram - Mettupalayam,34.0,75,81,6,7,2026-02-15,Sunday,False,0.96,0.08000000000000007,Moderate
33A,Gandhipuram - Mettupalayam,34.0,75,83,8,9,2026-02-15,Sunday,False,1.07,0.10666666666666669,Moderate
33A,Gandhipuram - Mettupalayam,34.0,75,73,0,12,2026-02-15,Sunday,False,1.03,-0.026666666666666616,Low
33A,Gandhipuram - Mettupalayam,34.0,75,76,1,17,2026-02-15,Sunday,False,0.99,0.01333333333333342,Low
33A,Gandhipuram - Mettupalayam,34.0,75,71,0,19,2026-02-15,Sunday,False,0.9,-0.053333333333333344,Low
32,Gandhipuram - Thudiyalur,10.0,30,28,0,7,2026-02-15,Sunday,False,1.1,-0.06666666666666665,Low
32,Gandhipuram - Thudiyalur,10.0,30,34,4,9,2026-02-15,Sunday,False,0.92,0.1333333333333333,Low
32,Gandhipuram - Thudiyalur,10.0,30,26,0,12,2026-02-15,Sunday,False,0.94,-0.1333333333333333,Low
32,Gandhipuram - Thudiyalur,10.0,30,33,3,17,2026-02-15,Sunday,False,1.01,0.10000000000000009,Low
32,Gandhipuram - Thudiyalur,10.0,30,35,5,19,2026-02-15,Sunday,False,0.94,0.16666666666666674,Low
111,Thudiyalur - Gandhipuram,10.0,30,30,0,7,2026-02-15,Sunday,False,0.97,0.0,Low
111,Thudiyalur - Gandhipuram,10.0,30,34,4,9,2026-02-15,Sunday,False,0.9,0.1333333333333333,Low
111,Thudiyalur - Gandhipuram,10.0,30,25,0,12,2026-02-15,Sunday,False,1.05,-0.16666666666666663,Low
111,Thudiyalur - Gandhipuram,10.0,30,25,0,17,2026-02-15,Sunday,False,0.93,-0.16666666666666663,Low
111,Thudiyalur - Gandhipuram,10.0,30,25,0,19,2026-02-15,Sunday,False,0.96,-0.16666666666666663,Low
70,Gandhipuram - Maruthamalai,15.0,45,40,0,7,2026-02-15,Sunday,False,1.04,-0.11111111111111116,Low
70,Gandhipuram - Maruthamalai,15.0,45,40,0,9,2026-02-15,Sunday,False,1.08,-0.11111111111111116,Low
70,Gandhipuram - Maruthamalai,15.0,45,51,6,12,2026-02-15,Sunday,False,0.98,0.1333333333333333,Moderate
70,Gandhipuram - Maruthamalai,15.0,45,52,7,17,2026-02-15,Sunday,False,1.04,0.15555555555555545,Moderate
70,Gandhipuram - Maruthamalai,15.0,45,40,0,19,2026-02-15,Sunday,False,0.92,-0.11111111111111116,Low
4A,Thudiyalur - Podanur,18.0,55,67,12,7,2026-02-15,Sunday,False,1.02,0.21818181818181825,Moderate
4A,Thudiyalur - Podanur,18.0,55,50,0,9,2026-02-15,Sunday,False,0.91,-0.09090909090909094,Low
4A,Thudiyalur - Podanur,18.0,55,65,10,12,2026-02-15,Sunday,False,1.02,0.18181818181818188,Moderate
4A,Thudiyalur - Podanur,18.0,55,65,10,17,2026-02-15,Sunday,False,1.02,0.18181818181818188,Moderate
4A,Thudiyalur - Podanur,18.0,55,53,0,19,2026-02-15,Sunday,False,1.04,-0.036363636363636376,Low
2A,Perur - Polytechnic,16.0,50,57,7,7,2026-02-15,Sunday,False,1.07,0.1399999999999999,Moderate
2A,Perur - Polytechnic,16.0,50,55,5,9,2026-02-15,Sunday,False,1.0,0.10000000000000009,Low
2A,Perur - Polytechnic,16.0,50,48,0,12,2026-02-15,Sunday,False,1.04,-0.040000000000000036,Low
2A,Perur - Polytechnic,16.0,50,45,0,17,2026-02-15,Sunday,False,1.06,-0.09999999999999998,Low
2A,Perur - Polytechnic,16.0,50,50,0,19,2026-02-15,Sunday,False,0.93,0.0,Low
33A,Gandhipuram - Mettupalayam,34.0,75,105,30,7,2026-02-16,Monday,True,1.46,0.3999999999999999,High
33A,Gandhipuram - Mettupalayam,34.0,75,105,30,9,2026-02-16,Monday,True,1.41,0.3999999999999999,High
33A,Gandhipuram - Mettupalayam,34.0,75,84,9,12,2026-02-16,Monday,False,1.12,0.1200000000000001,Moderate
33A,Gandhipuram - Mettupalayam,34.0,75,116,41,17,2026-02-16,Monday,True,1.51,0.5466666666666666,High
33A,Gandhipuram - Mettupalayam,34.0,75,119,44,19,2026-02-16,Monday,True,1.62,0.5866666666666667,High
32,Gandhipuram - Thudiyalur,10.0,30,46,16,7,2026-02-16,Monday,True,1.5,0.5333333333333334,High
32,Gandhipuram - Thudiyalur,10.0,30,57,27,9,2026-02-16,Monday,True,1.72,0.8999999999999999,High
32,Gandhipuram - Thudiyalur,10.0,30,25,0,12,2026-02-16,Monday,False,1.12,-0.16666666666666663,Low
32,Gandhipuram - Thudiyalur,10.0,30,34,4,17,2026-02-16,Monday,True,1.39,0.1333333333333333,Low
32,Gandhipuram - Thudiyalur,10.0,30,33,3,19,2026-02-16,Monday,True,1.31,0.10000000000000009,Low
111,Thudiyalur - Gandhipuram,10.0,30,36,6,7,2026-02-16,Monday,True,1.31,0.19999999999999996,Moderate
111,Thudiyalur - Gandhipuram,10.0,30,50,20,9,2026-02-16,Monday,True,1.56,0.6666666666666667,High
111,Thudiyalur - Gandhipuram,10.0,30,36,6,12,2026-02-16,Monday,False,1.06,0.19999999999999996,Moderate
111,Thudiyalur - Gandhipuram,10.0,30,50,20,17,2026-02-16,Monday,True,1.72,0.6666666666666667,High
111,Thudiyalur - Gandhipuram,10.0,30,40,10,19,2026-02-16,Monday,True,1.39,0.33333333333333326,Moderate
70,Gandhipuram - Maruthamalai,15.0,45,76,31,7,2026-02-16,Monday,True,1.54,0.6888888888888889,High
70,Gandhipuram - Maruthamalai,15.0,45,62,17,9,2026-02-16,Monday,True,1.37,0.37777777777777777,High
70,Gandhipuram - Maruthamalai,15.0,45,47,2,12,2026-02-16,Monday,False,1.1,0.04444444444444451,Low
70,Gandhipuram - Maruthamalai,15.0,45,72,27,17,2026-02-16,Monday,True,1.52,0.6000000000000001,High
70,Gandhipuram - Maruthamalai,15.0,45,65,20,19,2026-02-16,Monday,True,1.38,0.4444444444444444,High
4A,Thudiyalur - Podanur,18.0,55,90,35,7,2026-02-16,Monday,True,1.61,0.6363636363636365,High
4A,Thudiyalur - Podanur,18.0,55,86,31,9,2026-02-16,Monday,True,1.63,0.5636363636363637,High
4A,Thudiyalur - Podanur,18.0,55,60,5,12,2026-02-16,Monday,False,1.19,0.09090909090909083,Low
4A,Thudiyalur - Podanur,18.0,55,73,18,17,2026-02-16,Monday,True,1.42,0.3272727272727274,High
4A,Thudiyalur - Podanur,18.0,55,92,37,19,2026-02-16,Monday,True,1.75,0.6727272727272726,High
2A,Perur - Polytechnic,16.0,50,79,29,7,2026-02-16,Monday,True,1.68,0.5800000000000001,High
2A,Perur - Polytechnic,16.0,50,73,23,9,2026-02-16,Monday,True,1.52,0.45999999999999996,High
2A,Perur - Polytechnic,16.0,50,50,0,12,2026-02-16,Monday,False,1.01,0.0,Low
2A,Perur - Polytechnic,16.0,50,88,38,17,2026-02-16,Monday,True,1.75,0.76,High
2A,Perur - Polytechnic,16.0,50,69,19,19,2026-02-16,Monday,True,1.51,0.3799999999999999,High
33A,Gandhipuram - Mettupalayam,34.0,75,111,36,7,2026-02-17,Tuesday,True,1.47,0.48,High
33A,Gandhipuram - Mettupalayam,34.0,75,118,43,9,2026-02-17,Tuesday,True,1.58,0.5733333333333333,High
33A,Gandhipuram - Mettupalayam,34.0,75,88,13,12,2026-02-17,Tuesday,False,1.19,0.17333333333333334,Moderate
33A,Gandhipuram - Mettupalayam,34.0,75,104,29,17,2026-02-17,Tuesday,True,1.43,0.3866666666666667,High
33A,Gandhipuram - Mettupalayam,34.0,75,119,44,19,2026-02-17,Tuesday,True,1.67,0.5866666666666667,High
32,Gandhipuram - Thudiyalur,10.0,30,50,20,7,2026-02-17,Tuesday,True,1.58,0.6666666666666667,High
32,Gandhipuram - Thudiyalur,10.0,30,46,16,9,2026-02-17,Tuesday,True,1.53,0.5333333333333334,High
32,Gandhipuram - Thudiyalur,10.0,30,33,3,12,2026-02-17,Tuesday,False,1.07,0.10000000000000009,Low
32,Gandhipuram - Thudiyalur,10.0,30,38,8,17,2026-02-17,Tuesday,True,1.36,0.2666666666666666,Moderate
32,Gandhipuram - Thudiyalur,10.0,30,40,10,19,2026-02-17,Tuesday,True,1.43,0.33333333333333326,Moderate
111,Thudiyalur - Gandhipuram,10.0,30,56,26,7,2026-02-17,Tuesday,True,1.73,0.8666666666666667,High
111,Thudiyalur - Gandhipuram,10.0,30,54,24,9,2026-02-17,Tuesday,True,1.36,0.8,High
111,Thudiyalur - Gandhipuram,10.0,30,33,3,12,2026-02-17,Tuesday,False,1.17,0.10000000000000009,Low
111,Thudiyalur - Gandhipuram,10.0,30,50,20,17,2026-02-17,Tuesday,True,1.65,0.6666666666666667,High
111,Thudiyalur - Gandhipuram,10.0,30,46,16,19,2026-02-17,Tuesday,True,1.57,0.5333333333333334,High
70,Gandhipuram - Maruthamalai,15.0,45,65,20,7,2026-02-17,Tuesday,True,1.54,0.4444444444444444,High
70,Gandhipuram - Maruthamalai,15.0,45,59,14,9,2026-02-17,Tuesday,True,1.38,0.3111111111111111,Moderate
70,Gandhipuram - Maruthamalai,15.0,45,58,13,12,2026-02-17,Tuesday,False,1.08,0.288888888888889,Moderate
70,Gandhipuram - Maruthamalai,15.0,45,69,24,17,2026-02-17,Tuesday,True,1.63,0.5333333333333334,High
70,Gandhipuram - Maruthamalai,15.0,45,70,25,19,2026-02-17,Tuesday,True,1.56,0.5555555555555556,High
4A,Thudiyalur - Podanur,18.0,55,90,35,7,2026-02-17,Tuesday,True,1.7,0.6363636363636365,High
4A,Thudiyalur - Podanur,18.0,55,92,37,9,2026-02-17,Tuesday,True,1.69,0.6727272727272726,High
4A,Thudiyalur - Podanur,18.0,55,53,0,12,2026-02-17,Tuesday,False,1.04,-0.036363636363636376,Low
4A,Thudiyalur - Podanur,18.0,55,78,23,17,2026-02-17,Tuesday,True,1.47,0.4181818181818182,High
4A,Thudiyalur - Podanur,18.0,55,85,30,19,2026-02-17,Tuesday,True,1.68,0.5454545454545454,High
2A,Perur - Polytechnic,16.0,50,87,37,7,2026-02-17,Tuesday,True,1.74,0.74,High
2A,Perur - Polytechnic,16.0,50,85,35,9,2026-02-17,Tuesday,True,1.74,0.7,High
2A,Perur - Polytechnic,16.0,50,57,7,12,2026-02-17,Tuesday,False,1.09,0.1399999999999999,Moderate
2A,Perur - Polytechnic,16.0,50,89,39,17,2026-02-17,Tuesday,True,1.79,0.78,High
2A,Perur - Polytechnic,16.0,50,84,34,19,2026-02-17,Tuesday,True,1.75,0.6799999999999999,High
